employee_id,attrition,age,gender,education,education_cat,education_area,marital_status,Job_id,Career_id,Salary_id,Performance_id
RDO0001,Yes,41,Female,2,College,Life Sciences,Single,1,1,1,1
RDO0002,No,49,Male,1,Below College,Life Sciences,Married,2,2,2,2
RDO0003,Yes,37,Male,2,College,Other,Single,3,3,3,3
RDO0004,No,33,Female,4,Master,Life Sciences,Married,4,4,4,4
RDO0005,No,27,Male,1,Below College,Medical,Married,5,5,5,5
RDO0006,No,32,Male,2,College,Life Sciences,Single,6,6,6,6
RDO0007,No,59,Female,3,Bachelor,Medical,Married,7,7,7,7
RDO0008,No,30,Male,1,Below College,Life Sciences,Divorced,8,8,8,8
RDO0009,No,38,Male,3,Bachelor,Life Sciences,Single,9,9,9,9
RDO0010,No,36,Male,3,Bachelor,Medical,Married,10,10,10,10
RDO0011,No,35,Male,3,Bachelor,Medical,Married,11,11,11,11
RDO0012,No,29,Female,2,College,Life Sciences,Single,12,12,12,12
RDO0013,No,31,Male,1,Below College,Life Sciences,Divorced,13,13,13,13
RDO0014,No,34,Male,2,College,Medical,Divorced,14,14,14,14
RDO0015,Yes,28,Male,3,Bachelor,Life Sciences,Single,15,15,15,15
RDO0016,No,29,Female,4,Master,Life Sciences,Divorced,16,16,16,16
RDO0017,No,32,Male,2,College,Life Sciences,Divorced,17,17,17,17
RDO0018,No,22,Male,2,College,Medical,Divorced,18,18,18,18
RDO0019,No,53,Female,4,Master,Life Sciences,Married,19,19,19,19
RDO0020,No,38,Male,3,Bachelor,Life Sciences,Single,20,20,20,20
RDO0021,No,24,Female,2,College,Other,Divorced,21,21,21,21
RDO0022,Yes,36,Male,4,Master,Life Sciences,Single,22,22,22,22
RDO0023,No,34,Female,4,Master,Life Sciences,Single,23,23,23,23
RDO0024,No,21,Male,2,College,Life Sciences,Single,24,24,24,24
RDO0025,Yes,34,Male,1,Below College,Medical,Single,25,25,25,25
RDO0026,No,53,Female,3,Bachelor,Other,Divorced,26,26,26,26
RDO0027,Yes,32,Female,1,Below College,Life Sciences,Single,27,27,27,27
RDO0028,No,42,Male,4,Master,Marketing,Married,28,28,28,28
RDO0029,No,44,Female,4,Master,Medical,Married,29,29,29,29
RDO0030,No,46,Female,4,Master,Marketing,Single,30,30,30,30
RDO0031,No,33,Male,3,Bachelor,Medical,Single,31,31,31,31
RDO0032,No,44,Male,4,Master,Other,Married,32,32,32,32
RDO0033,No,30,Male,2,College,Medical,Single,33,33,33,33
RDO0034,Yes,39,Male,3,Bachelor,Technical Degree,Married,34,34,34,34
RDO0035,Yes,24,Male,3,Bachelor,Medical,Married,35,35,35,35
RDO0036,No,43,Female,2,College,Medical,Divorced,36,36,36,36
RDO0037,Yes,50,Male,2,College,Marketing,Married,37,37,37,37
RDO0038,No,35,Female,3,Bachelor,Marketing,Married,38,38,38,38
RDO0039,No,36,Female,4,Master,Life Sciences,Married,39,39,39,39
RDO0040,No,33,Female,3,Bachelor,Life Sciences,Married,40,40,40,40
RDO0041,No,35,Male,2,College,Other,Divorced,41,41,41,41
RDO0042,No,27,Female,4,Master,Life Sciences,Divorced,42,42,42,42
RDO0043,Yes,26,Male,3,Bachelor,Life Sciences,Single,43,43,43,43
RDO0044,No,27,Male,3,Bachelor,Life Sciences,Single,44,44,44,44
RDO0045,No,30,Female,2,College,Medical,Single,45,45,45,45
RDO0046,Yes,41,Female,3,Bachelor,Technical Degree,Married,46,46,46,46
RDO0047,No,34,Male,4,Master,Marketing,Single,47,47,47,47
RDO0048,No,37,Male,2,College,Life Sciences,Married,48,48,48,48
RDO0049,No,46,Male,4,Master,Marketing,Single,49,49,49,49
RDO0050,No,35,Male,1,Below College,Life Sciences,Married,50,50,50,50
RDO0051,Yes,48,Male,2,College,Life Sciences,Single,51,51,51,51
RDO0052,Yes,28,Male,4,Master,Technical Degree,Single,52,52,52,52
RDO0053,No,44,Female,5,Doctor,Marketing,Divorced,53,53,53,53
RDO0054,No,35,Male,2,College,Medical,Married,54,54,54,54
RDO0055,No,26,Female,3,Bachelor,Marketing,Married,55,55,55,55
RDO0056,No,33,Female,2,College,Life Sciences,Single,56,56,56,56
RDO0057,No,35,Male,5,Doctor,Life Sciences,Married,57,57,57,57
RDO0058,No,35,Female,4,Master,Medical,Married,58,58,58,58
RDO0059,No,31,Male,4,Master,Life Sciences,Divorced,59,59,59,59
RDO0060,No,37,Male,4,Master,Life Sciences,Divorced,60,60,60,60
RDO0061,No,32,Male,3,Bachelor,Medical,Married,61,61,61,61
RDO0062,No,38,Female,5,Doctor,Life Sciences,Single,62,62,62,62
RDO0063,No,50,Female,2,College,Medical,Divorced,63,63,63,63
RDO0064,No,59,Female,3,Bachelor,Life Sciences,Single,64,64,64,64
RDO0065,No,36,Female,3,Bachelor,Technical Degree,Divorced,65,65,65,65
RDO0066,No,55,Female,3,Bachelor,Medical,Divorced,66,66,66,66
RDO0067,No,36,Male,3,Bachelor,Life Sciences,Single,67,67,67,67
RDO0068,No,45,Male,3,Bachelor,Life Sciences,Divorced,68,68,68,68
RDO0069,No,35,Male,3,Bachelor,Medical,Married,69,69,69,69
RDO0070,Yes,36,Male,3,Bachelor,Medical,Married,70,70,70,70
RDO0071,No,59,Female,1,Below College,Life Sciences,Single,71,71,71,71
RDO0072,No,29,Male,3,Bachelor,Life Sciences,Married,72,72,72,72
RDO0073,No,31,Male,4,Master,Medical,Single,73,73,73,73
RDO0074,No,32,Male,3,Bachelor,Life Sciences,Married,74,74,74,74
RDO0075,No,36,Female,3,Bachelor,Life Sciences,Married,75,75,75,75
RDO0076,No,31,Female,4,Master,Life Sciences,Single,76,76,76,76
RDO0077,No,35,Male,4,Master,Marketing,Single,77,77,77,77
RDO0078,No,45,Male,4,Master,Other,Married,78,78,78,78
RDO0079,No,37,Male,4,Master,Medical,Single,79,79,79,79
RDO0080,No,46,Male,2,College,Medical,Divorced,80,80,80,80
RDO0081,No,30,Male,1,Below College,Life Sciences,Married,81,81,81,81
RDO0082,No,35,Male,3,Bachelor,Medical,Single,82,82,82,82
RDO0083,No,55,Male,2,College,Life Sciences,Married,83,83,83,83
RDO0084,No,38,Female,3,Bachelor,Medical,Divorced,84,84,84,84
RDO0085,No,34,Male,2,College,Medical,Married,85,85,85,85
RDO0086,No,56,Male,3,Bachelor,Life Sciences,Single,86,86,86,86
RDO0087,No,23,Male,1,Below College,Technical Degree,Divorced,87,87,87,87
RDO0088,No,51,Male,4,Master,Life Sciences,Married,88,88,88,88
RDO0089,No,30,Male,3,Bachelor,Life Sciences,Married,89,89,89,89
RDO0090,Yes,46,Male,2,College,Medical,Single,90,90,90,90
RDO0091,No,40,Male,4,Master,Life Sciences,Married,91,91,91,91
RDO0092,No,51,Male,4,Master,Marketing,Single,92,92,92,92
RDO0093,No,30,Female,2,College,Medical,Divorced,93,93,93,93
RDO0094,No,46,Male,3,Bachelor,Medical,Married,94,94,94,94
RDO0095,No,32,Male,4,Master,Medical,Single,95,95,95,95
RDO0096,No,54,Female,4,Master,Technical Degree,Married,96,96,96,96
RDO0097,No,24,Female,2,College,Other,Married,97,97,97,97
RDO0098,No,28,Male,3,Bachelor,Medical,Married,98,98,98,98
RDO0099,No,58,Male,4,Master,Medical,Single,99,99,99,99
RDO0100,No,44,Male,3,Bachelor,Medical,Married,100,100,100,100
RDO0101,Yes,37,Male,4,Master,Human Resources,Divorced,101,101,101,101
RDO0102,No,32,Male,1,Below College,Life Sciences,Single,102,102,102,102
RDO0103,Yes,20,Female,3,Bachelor,Life Sciences,Single,103,103,103,103
RDO0104,No,34,Female,4,Master,Other,Single,104,104,104,104
RDO0105,No,37,Male,2,College,Life Sciences,Divorced,105,105,105,105
RDO0106,No,59,Female,4,Master,Human Resources,Married,106,106,106,106
RDO0107,No,50,Female,3,Bachelor,Life Sciences,Married,107,107,107,107
RDO0108,Yes,25,Male,3,Bachelor,Marketing,Single,108,108,108,108
RDO0109,No,25,Male,1,Below College,Medical,Married,109,109,109,109
RDO0110,No,22,Female,3,Bachelor,Medical,Single,110,110,110,110
RDO0111,No,51,Female,4,Master,Medical,Single,111,111,111,111
RDO0112,Yes,34,Male,3,Bachelor,Life Sciences,Single,112,112,112,112
RDO0113,No,54,Female,3,Bachelor,Human Resources,Single,113,113,113,113
RDO0114,No,24,Male,1,Below College,Life Sciences,Married,114,114,114,114
RDO0115,No,34,Female,4,Master,Life Sciences,Divorced,115,115,115,115
RDO0116,No,37,Male,3,Bachelor,Life Sciences,Single,116,116,116,116
RDO0117,No,34,Female,3,Bachelor,Medical,Single,117,117,117,117
RDO0118,No,36,Female,2,College,Technical Degree,Married,118,118,118,118
RDO0119,No,36,Female,2,College,Life Sciences,Divorced,119,119,119,119
RDO0120,No,43,Male,2,College,Life Sciences,Married,120,120,120,120
RDO0121,No,30,Male,3,Bachelor,Life Sciences,Divorced,121,121,121,121
RDO0122,No,33,Male,2,College,Marketing,Married,122,122,122,122
RDO0123,Yes,56,Female,4,Master,Life Sciences,Married,123,123,123,123
RDO0124,No,51,Male,3,Bachelor,Life Sciences,Single,124,124,124,124
RDO0125,Yes,31,Male,4,Master,Life Sciences,Married,125,125,125,125
RDO0126,No,26,Female,3,Bachelor,Other,Married,126,126,126,126
RDO0127,Yes,58,Female,4,Master,Medical,Married,127,127,127,127
RDO0128,Yes,19,Male,1,Below College,Marketing,Single,128,128,128,128
RDO0129,No,22,Male,1,Below College,Technical Degree,Married,129,129,129,129
RDO0130,No,49,Female,4,Master,Medical,Married,130,130,130,130
RDO0131,No,43,Female,3,Bachelor,Medical,Single,131,131,131,131
RDO0132,No,50,Female,3,Bachelor,Marketing,Single,132,132,132,132
RDO0133,Yes,31,Female,3,Bachelor,Life Sciences,Married,133,133,133,133
RDO0134,No,41,Male,1,Below College,Life Sciences,Divorced,134,134,134,134
RDO0135,No,26,Female,1,Below College,Life Sciences,Married,135,135,135,135
RDO0136,No,36,Male,2,College,Medical,Divorced,136,136,136,136
RDO0137,Yes,51,Male,4,Master,Life Sciences,Single,137,137,137,137
RDO0138,No,39,Female,4,Master,Life Sciences,Married,138,138,138,138
RDO0139,No,25,Male,3,Bachelor,Life Sciences,Married,139,139,139,139
RDO0140,No,30,Male,3,Bachelor,Human Resources,Married,140,140,140,140
RDO0141,Yes,32,Female,3,Bachelor,Medical,Single,141,141,141,141
RDO0142,No,45,Male,3,Bachelor,Medical,Single,142,142,142,142
RDO0143,No,38,Female,5,Doctor,Technical Degree,Single,143,143,143,143
RDO0144,No,30,Female,3,Bachelor,Life Sciences,Single,144,144,144,144
RDO0145,No,32,Male,2,College,Medical,Divorced,145,145,145,145
RDO0146,No,30,Female,3,Bachelor,Technical Degree,Divorced,146,146,146,146
RDO0147,No,30,Male,1,Below College,Medical,Single,147,147,147,147
RDO0148,No,41,Male,3,Bachelor,Life Sciences,Divorced,148,148,148,148
RDO0149,No,41,Male,4,Master,Life Sciences,Married,149,149,149,149
RDO0150,No,19,Female,1,Below College,Medical,Single,150,150,150,150
RDO0151,No,40,Female,3,Bachelor,Medical,Divorced,151,151,151,151
RDO0152,No,35,Male,5,Doctor,Marketing,Married,152,152,152,152
RDO0153,No,53,Male,2,College,Marketing,Married,153,153,153,153
RDO0154,No,45,Male,3,Bachelor,Life Sciences,Divorced,154,154,154,154
RDO0155,No,32,Female,3,Bachelor,Marketing,Single,155,155,155,155
RDO0156,No,29,Male,1,Below College,Technical Degree,Married,156,156,156,156
RDO0157,No,51,Male,4,Master,Medical,Married,157,157,157,157
RDO0158,No,58,Female,3,Bachelor,Medical,Married,158,158,158,158
RDO0159,No,40,Male,4,Master,Marketing,Married,159,159,159,159
RDO0160,No,34,Female,4,Master,Marketing,Married,160,160,160,160
RDO0161,No,22,Male,1,Below College,Medical,Married,161,161,161,161
RDO0162,No,27,Male,3,Bachelor,Medical,Divorced,162,162,162,162
RDO0163,No,28,Male,3,Bachelor,Medical,Married,163,163,163,163
RDO0164,No,57,Male,2,College,Life Sciences,Divorced,164,164,164,164
RDO0165,No,27,Male,3,Bachelor,Medical,Divorced,165,165,165,165
RDO0166,No,50,Female,3,Bachelor,Life Sciences,Single,166,166,166,166
RDO0167,No,41,Male,3,Bachelor,Life Sciences,Divorced,167,167,167,167
RDO0168,No,30,Female,3,Bachelor,Life Sciences,Married,168,168,168,168
RDO0169,No,38,Female,4,Master,Life Sciences,Single,169,169,169,169
RDO0170,No,32,Male,5,Doctor,Life Sciences,Single,170,170,170,170
RDO0171,No,27,Male,3,Bachelor,Technical Degree,Married,171,171,171,171
RDO0172,Yes,19,Female,1,Below College,Technical Degree,Single,172,172,172,172
RDO0173,No,36,Male,2,College,Medical,Single,173,173,173,173
RDO0174,No,30,Male,3,Bachelor,Medical,Divorced,174,174,174,174
RDO0175,No,45,Female,2,College,Life Sciences,Divorced,175,175,175,175
RDO0176,No,56,Female,3,Bachelor,Life Sciences,Divorced,176,176,176,176
RDO0177,No,33,Male,3,Bachelor,Life Sciences,Single,177,177,177,177
RDO0178,Yes,19,Male,3,Bachelor,Life Sciences,Single,178,178,178,178
RDO0179,No,46,Female,2,College,Marketing,Divorced,179,179,179,179
RDO0180,No,38,Female,2,College,Life Sciences,Single,180,180,180,180
RDO0181,No,31,Female,1,Below College,Medical,Married,181,181,181,181
RDO0182,No,34,Female,2,College,Medical,Single,182,182,182,182
RDO0183,Yes,41,Female,2,College,Marketing,Single,183,183,183,183
RDO0184,No,50,Male,3,Bachelor,Medical,Married,184,184,184,184
RDO0185,No,53,Female,2,College,Medical,Divorced,185,185,185,185
RDO0186,No,33,Female,3,Bachelor,Medical,Married,186,186,186,186
RDO0187,No,40,Female,1,Below College,Medical,Married,187,187,187,187
RDO0188,No,55,Male,4,Master,Medical,Single,188,188,188,188
RDO0189,No,34,Male,1,Below College,Life Sciences,Married,189,189,189,189
RDO0190,No,51,Female,3,Bachelor,Medical,Single,190,190,190,190
RDO0191,No,52,Male,4,Master,Life Sciences,Married,191,191,191,191
RDO0192,No,27,Female,3,Bachelor,Medical,Single,192,192,192,192
RDO0193,Yes,35,Male,2,College,Life Sciences,Married,193,193,193,193
RDO0194,No,43,Male,3,Bachelor,Medical,Divorced,194,194,194,194
RDO0195,No,45,Male,2,College,Medical,Married,195,195,195,195
RDO0196,No,37,Male,3,Bachelor,Life Sciences,Married,196,196,196,196
RDO0197,No,35,Female,3,Bachelor,Medical,Single,197,197,197,197
RDO0198,No,42,Female,2,College,Medical,Divorced,198,198,198,198
RDO0199,No,38,Male,4,Master,Life Sciences,Married,199,199,199,199
RDO0200,No,38,Male,3,Bachelor,Technical Degree,Married,200,200,200,200
RDO0201,No,27,Male,1,Below College,Technical Degree,Married,201,201,201,201
RDO0202,No,49,Male,4,Master,Life Sciences,Divorced,202,202,202,202
RDO0203,No,34,Male,4,Master,Medical,Divorced,203,203,203,203
RDO0204,No,40,Male,2,College,Medical,Married,204,204,204,204
RDO0205,Yes,38,Male,1,Below College,Medical,Married,205,205,205,205
RDO0206,Yes,29,Female,3,Bachelor,Marketing,Married,206,206,206,206
RDO0207,No,22,Male,3,Bachelor,Life Sciences,Divorced,207,207,207,207
RDO0208,No,36,Female,1,Below College,Medical,Single,208,208,208,208
RDO0209,No,40,Male,5,Doctor,Life Sciences,Married,209,209,209,209
RDO0210,No,46,Male,4,Master,Medical,Divorced,210,210,210,210
RDO0211,Yes,32,Male,4,Master,Medical,Married,211,211,211,211
RDO0212,No,30,Male,1,Below College,Life Sciences,Single,212,212,212,212
RDO0213,No,27,Female,3,Bachelor,Life Sciences,Single,213,213,213,213
RDO0214,No,51,Male,4,Master,Life Sciences,Married,214,214,214,214
RDO0215,Yes,30,Female,3,Bachelor,Technical Degree,Single,215,215,215,215
RDO0216,No,41,Female,3,Bachelor,Life Sciences,Single,216,216,216,216
RDO0217,Yes,30,Female,4,Master,Marketing,Single,217,217,217,217
RDO0218,Yes,29,Male,3,Bachelor,Technical Degree,Single,218,218,218,218
RDO0219,No,45,Female,3,Bachelor,Medical,Single,219,219,219,219
RDO0220,No,54,Female,3,Bachelor,Marketing,Married,220,220,220,220
RDO0221,No,36,Male,2,College,Life Sciences,Single,221,221,221,221
RDO0222,No,33,Female,4,Master,Medical,Married,222,222,222,222
RDO0223,No,37,Male,3,Bachelor,Other,Divorced,223,223,223,223
RDO0224,No,38,Male,3,Bachelor,Life Sciences,Divorced,224,224,224,224
RDO0225,No,31,Male,4,Master,Medical,Married,225,225,225,225
RDO0226,No,59,Male,3,Bachelor,Life Sciences,Married,226,226,226,226
RDO0227,No,37,Male,4,Master,Marketing,Divorced,227,227,227,227
RDO0228,No,29,Female,1,Below College,Medical,Married,228,228,228,228
RDO0229,No,35,Female,3,Bachelor,Marketing,Single,229,229,229,229
RDO0230,Yes,29,Male,1,Below College,Medical,Single,230,230,230,230
RDO0231,No,52,Female,3,Bachelor,Life Sciences,Single,231,231,231,231
RDO0232,No,42,Male,2,College,Technical Degree,Married,232,232,232,232
RDO0233,No,59,Male,2,College,Medical,Married,233,233,233,233
RDO0234,No,50,Female,4,Master,Medical,Divorced,234,234,234,234
RDO0235,Yes,33,Male,3,Bachelor,Medical,Married,235,235,235,235
RDO0236,No,43,Female,3,Bachelor,Marketing,Married,236,236,236,236
RDO0237,Yes,33,Female,2,College,Life Sciences,Married,237,237,237,237
RDO0238,No,52,Male,4,Master,Life Sciences,Single,238,238,238,238
RDO0239,No,32,Female,2,College,Life Sciences,Married,239,239,239,239
RDO0240,Yes,32,Male,3,Bachelor,Life Sciences,Single,240,240,240,240
RDO0241,No,39,Female,4,Master,Medical,Divorced,241,241,241,241
RDO0242,No,32,Male,4,Master,Marketing,Married,242,242,242,242
RDO0243,No,41,Male,2,College,Life Sciences,Divorced,243,243,243,243
RDO0244,No,40,Male,2,College,Technical Degree,Divorced,244,244,244,244
RDO0245,No,45,Male,3,Bachelor,Other,Married,245,245,245,245
RDO0246,No,31,Male,4,Master,Medical,Divorced,246,246,246,246
RDO0247,No,33,Female,4,Master,Life Sciences,Married,247,247,247,247
RDO0248,No,34,Male,4,Master,Life Sciences,Married,248,248,248,248
RDO0249,No,37,Female,2,College,Medical,Married,249,249,249,249
RDO0250,No,45,Male,4,Master,Life Sciences,Married,250,250,250,250
RDO0251,Yes,37,Male,3,Bachelor,Medical,Divorced,251,251,251,251
RDO0252,No,39,Female,4,Master,Technical Degree,Single,252,252,252,252
RDO0253,No,29,Male,3,Bachelor,Life Sciences,Single,253,253,253,253
RDO0254,No,42,Female,2,College,Life Sciences,Single,254,254,254,254
RDO0255,No,29,Male,2,College,Marketing,Divorced,255,255,255,255
RDO0256,No,25,Female,3,Bachelor,Life Sciences,Married,256,256,256,256
RDO0257,No,42,Female,3,Bachelor,Medical,Divorced,257,257,257,257
RDO0258,No,40,Male,2,College,Medical,Divorced,258,258,258,258
RDO0259,No,51,Male,3,Bachelor,Life Sciences,Married,259,259,259,259
RDO0260,Yes,31,Male,2,College,Medical,Single,260,260,260,260
RDO0261,No,32,Male,3,Bachelor,Life Sciences,Married,261,261,261,261
RDO0262,No,38,Male,2,College,Life Sciences,Married,262,262,262,262
RDO0263,No,32,Male,1,Below College,Technical Degree,Single,263,263,263,263
RDO0264,No,46,Female,3,Bachelor,Technical Degree,Married,264,264,264,264
RDO0265,Yes,28,Male,4,Master,Life Sciences,Single,265,265,265,265
RDO0266,No,29,Male,3,Bachelor,Medical,Married,266,266,266,266
RDO0267,No,31,Male,3,Bachelor,Medical,Married,267,267,267,267
RDO0268,No,25,Male,2,College,Life Sciences,Divorced,268,268,268,268
RDO0269,No,45,Male,2,College,Medical,Married,269,269,269,269
RDO0270,No,36,Male,3,Bachelor,Life Sciences,Married,270,270,270,270
RDO0271,No,55,Male,3,Bachelor,Medical,Single,271,271,271,271
RDO0272,Yes,47,Male,4,Master,Life Sciences,Married,272,272,272,272
RDO0273,No,28,Male,3,Bachelor,Medical,Married,273,273,273,273
RDO0274,No,37,Male,4,Master,Medical,Married,274,274,274,274
RDO0275,No,21,Male,2,College,Medical,Single,275,275,275,275
RDO0276,No,37,Female,4,Master,Medical,Divorced,276,276,276,276
RDO0277,No,35,Female,3,Bachelor,Life Sciences,Divorced,277,277,277,277
RDO0278,No,38,Female,2,College,Medical,Divorced,278,278,278,278
RDO0279,No,26,Female,3,Bachelor,Life Sciences,Divorced,279,279,279,279
RDO0280,No,50,Male,1,Below College,Life Sciences,Divorced,280,280,280,280
RDO0281,No,53,Male,4,Master,Medical,Married,281,281,281,281
RDO0282,No,42,Male,1,Below College,Life Sciences,Married,282,282,282,282
RDO0283,No,29,Male,2,College,Life Sciences,Single,283,283,283,283
RDO0284,No,55,Male,2,College,Technical Degree,Married,284,284,284,284
RDO0285,No,26,Male,2,College,Medical,Married,285,285,285,285
RDO0286,No,37,Female,3,Bachelor,Life Sciences,Single,286,286,286,286
RDO0287,Yes,44,Male,3,Bachelor,Life Sciences,Divorced,287,287,287,287
RDO0288,No,38,Male,4,Master,Life Sciences,Divorced,288,288,288,288
RDO0289,Yes,26,Male,4,Master,Medical,Divorced,289,289,289,289
RDO0290,No,28,Female,2,College,Life Sciences,Single,290,290,290,290
RDO0291,No,49,Female,4,Master,Life Sciences,Single,291,291,291,291
RDO0292,No,36,Male,3,Bachelor,Technical Degree,Single,292,292,292,292
RDO0293,No,31,Female,3,Bachelor,Marketing,Divorced,293,293,293,293
RDO0294,Yes,26,Male,4,Master,Marketing,Single,294,294,294,294
RDO0295,No,37,Male,3,Bachelor,Medical,Married,295,295,295,295
RDO0296,No,42,Female,3,Bachelor,Marketing,Married,296,296,296,296
RDO0297,Yes,18,Male,3,Bachelor,Life Sciences,Single,297,297,297,297
RDO0298,No,35,Male,3,Bachelor,Marketing,Married,298,298,298,298
RDO0299,No,36,Male,4,Master,Life Sciences,Married,299,299,299,299
RDO0300,No,51,Male,3,Bachelor,Medical,Divorced,300,300,300,300
RDO0301,No,41,Male,4,Master,Life Sciences,Single,301,301,301,301
RDO0302,No,18,Female,3,Bachelor,Medical,Single,302,302,302,302
RDO0303,No,28,Male,2,College,Medical,Single,303,303,303,303
RDO0304,No,31,Male,3,Bachelor,Technical Degree,Married,304,304,304,304
RDO0305,No,39,Male,3,Bachelor,Medical,Divorced,305,305,305,305
RDO0306,No,36,Female,4,Master,Life Sciences,Married,306,306,306,306
RDO0307,No,32,Male,3,Bachelor,Life Sciences,Married,307,307,307,307
RDO0308,No,38,Female,2,College,Life Sciences,Married,308,308,308,308
RDO0309,No,58,Male,4,Master,Life Sciences,Divorced,309,309,309,309
RDO0310,No,31,Male,4,Master,Technical Degree,Married,310,310,310,310
RDO0311,No,31,Male,3,Bachelor,Human Resources,Married,311,311,311,311
RDO0312,No,45,Male,3,Bachelor,Life Sciences,Divorced,312,312,312,312
RDO0313,No,31,Male,4,Master,Life Sciences,Divorced,313,313,313,313
RDO0314,No,33,Female,4,Master,Life Sciences,Married,314,314,314,314
RDO0315,No,39,Male,1,Below College,Medical,Married,315,315,315,315
RDO0316,No,43,Female,4,Master,Life Sciences,Single,316,316,316,316
RDO0317,No,49,Female,2,College,Technical Degree,Single,317,317,317,317
RDO0318,Yes,52,Male,4,Master,Medical,Married,318,318,318,318
RDO0319,No,27,Female,3,Bachelor,Life Sciences,Single,319,319,319,319
RDO0320,No,32,Female,2,College,Technical Degree,Married,320,320,320,320
RDO0321,No,27,Male,3,Bachelor,Life Sciences,Single,321,321,321,321
RDO0322,No,31,Male,3,Bachelor,Marketing,Divorced,322,322,322,322
RDO0323,No,32,Female,4,Master,Medical,Single,323,323,323,323
RDO0324,Yes,28,Male,4,Master,Medical,Married,324,324,324,324
RDO0325,No,30,Female,2,College,Medical,Married,325,325,325,325
RDO0326,No,31,Female,2,College,Life Sciences,Married,326,326,326,326
RDO0327,No,39,Male,2,College,Medical,Married,327,327,327,327
RDO0328,Yes,39,Female,2,College,Medical,Married,328,328,328,328
RDO0329,No,33,Male,3,Bachelor,Marketing,Single,329,329,329,329
RDO0330,No,47,Male,5,Doctor,Life Sciences,Married,330,330,330,330
RDO0331,No,43,Female,4,Master,Life Sciences,Divorced,331,331,331,331
RDO0332,No,27,Male,1,Below College,Marketing,Married,332,332,332,332
RDO0333,No,54,Female,4,Master,Life Sciences,Single,333,333,333,333
RDO0334,No,43,Female,3,Bachelor,Life Sciences,Married,334,334,334,334
RDO0335,No,45,Male,4,Master,Other,Married,335,335,335,335
RDO0336,No,40,Male,2,College,Medical,Married,336,336,336,336
RDO0337,Yes,29,Male,4,Master,Other,Married,337,337,337,337
RDO0338,No,29,Male,5,Doctor,Other,Single,338,338,338,338
RDO0339,No,30,Female,3,Bachelor,Marketing,Divorced,339,339,339,339
RDO0340,No,27,Female,4,Master,Marketing,Married,340,340,340,340
RDO0341,No,37,Male,2,College,Medical,Divorced,341,341,341,341
RDO0342,No,38,Male,2,College,Life Sciences,Divorced,342,342,342,342
RDO0343,No,31,Female,4,Master,Medical,Single,343,343,343,343
RDO0344,No,29,Female,1,Below College,Marketing,Divorced,344,344,344,344
RDO0345,No,35,Male,4,Master,Technical Degree,Single,345,345,345,345
RDO0346,No,23,Male,1,Below College,Life Sciences,Divorced,346,346,346,346
RDO0347,No,41,Male,3,Bachelor,Medical,Single,347,347,347,347
RDO0348,No,47,Male,1,Below College,Medical,Single,348,348,348,348
RDO0349,No,42,Female,5,Doctor,Life Sciences,Single,349,349,349,349
RDO0350,No,29,Male,3,Bachelor,Life Sciences,Married,350,350,350,350
RDO0351,No,42,Male,1,Below College,Technical Degree,Divorced,351,351,351,351
RDO0352,No,32,Female,3,Bachelor,Medical,Married,352,352,352,352
RDO0353,No,48,Female,1,Below College,Medical,Married,353,353,353,353
RDO0354,No,37,Male,3,Bachelor,Medical,Divorced,354,354,354,354
RDO0355,No,30,Female,2,College,Technical Degree,Married,355,355,355,355
RDO0356,No,26,Male,3,Bachelor,Life Sciences,Married,356,356,356,356
RDO0357,No,42,Male,4,Master,Other,Single,357,357,357,357
RDO0358,Yes,21,Female,1,Below College,Technical Degree,Single,358,358,358,358
RDO0359,No,36,Female,5,Doctor,Medical,Single,359,359,359,359
RDO0360,No,36,Male,4,Master,Medical,Married,360,360,360,360
RDO0361,No,57,Male,4,Master,Medical,Married,361,361,361,361
RDO0362,No,40,Female,4,Master,Life Sciences,Married,362,362,362,362
RDO0363,No,21,Male,2,College,Medical,Single,363,363,363,363
RDO0364,Yes,33,Female,3,Bachelor,Marketing,Single,364,364,364,364
RDO0365,No,37,Female,3,Bachelor,Medical,Married,365,365,365,365
RDO0366,No,46,Female,4,Master,Medical,Married,366,366,366,366
RDO0367,Yes,41,Male,3,Bachelor,Marketing,Single,367,367,367,367
RDO0368,No,50,Male,3,Bachelor,Technical Degree,Single,368,368,368,368
RDO0369,Yes,40,Male,2,College,Marketing,Married,369,369,369,369
RDO0370,No,31,Male,4,Master,Life Sciences,Single,370,370,370,370
RDO0371,Yes,21,Female,3,Bachelor,Life Sciences,Single,371,371,371,371
RDO0372,No,29,Male,3,Bachelor,Life Sciences,Single,372,372,372,372
RDO0373,No,35,Male,4,Master,Life Sciences,Single,373,373,373,373
RDO0374,No,27,Male,2,College,Medical,Divorced,374,374,374,374
RDO0375,No,28,Male,4,Master,Life Sciences,Single,375,375,375,375
RDO0376,No,49,Male,3,Bachelor,Other,Single,376,376,376,376
RDO0377,No,51,Female,2,College,Life Sciences,Married,377,377,377,377
RDO0378,No,36,Female,3,Bachelor,Life Sciences,Married,378,378,378,378
RDO0379,Yes,34,Male,3,Bachelor,Marketing,Single,379,379,379,379
RDO0380,No,55,Female,3,Bachelor,Life Sciences,Single,380,380,380,380
RDO0381,No,24,Female,4,Master,Marketing,Divorced,381,381,381,381
RDO0382,No,30,Male,1,Below College,Technical Degree,Married,382,382,382,382
RDO0383,Yes,26,Male,1,Below College,Technical Degree,Single,383,383,383,383
RDO0384,No,22,Female,3,Bachelor,Medical,Married,384,384,384,384
RDO0385,No,36,Male,2,College,Medical,Married,385,385,385,385
RDO0386,Yes,30,Male,3,Bachelor,Technical Degree,Single,386,386,386,386
RDO0387,No,37,Female,3,Bachelor,Life Sciences,Divorced,387,387,387,387
RDO0388,No,40,Female,2,College,Marketing,Divorced,388,388,388,388
RDO0389,No,42,Female,4,Master,Life Sciences,Divorced,389,389,389,389
RDO0390,No,37,Male,4,Master,Life Sciences,Single,390,390,390,390
RDO0391,No,43,Male,3,Bachelor,Life Sciences,Divorced,391,391,391,391
RDO0392,No,40,Female,3,Bachelor,Medical,Married,392,392,392,392
RDO0393,No,54,Male,2,College,Medical,Married,393,393,393,393
RDO0394,No,34,Female,4,Master,Marketing,Married,394,394,394,394
RDO0395,No,31,Female,2,College,Medical,Married,395,395,395,395
RDO0396,No,43,Male,3,Bachelor,Medical,Married,396,396,396,396
RDO0397,No,43,Female,4,Master,Other,Divorced,397,397,397,397
RDO0398,No,25,Female,2,College,Life Sciences,Single,398,398,398,398
RDO0399,No,37,Female,5,Doctor,Medical,Married,399,399,399,399
RDO0400,No,31,Male,2,College,Life Sciences,Married,400,400,400,400
RDO0401,No,39,Male,1,Below College,Life Sciences,Divorced,401,401,401,401
RDO0402,No,56,Female,3,Bachelor,Life Sciences,Married,402,402,402,402
RDO0403,No,30,Female,3,Bachelor,Technical Degree,Single,403,403,403,403
RDO0404,No,41,Male,3,Bachelor,Marketing,Married,404,404,404,404
RDO0405,No,28,Male,2,College,Medical,Divorced,405,405,405,405
RDO0406,Yes,25,Male,3,Bachelor,Medical,Married,406,406,406,406
RDO0407,No,52,Male,3,Bachelor,Medical,Married,407,407,407,407
RDO0408,No,45,Male,2,College,Life Sciences,Married,408,408,408,408
RDO0409,No,52,Female,2,College,Life Sciences,Married,409,409,409,409
RDO0410,No,42,Female,2,College,Life Sciences,Divorced,410,410,410,410
RDO0411,No,30,Female,3,Bachelor,Life Sciences,Single,411,411,411,411
RDO0412,No,60,Female,3,Bachelor,Life Sciences,Married,412,412,412,412
RDO0413,No,46,Female,3,Bachelor,Medical,Divorced,413,413,413,413
RDO0414,No,42,Female,4,Master,Technical Degree,Married,414,414,414,414
RDO0415,Yes,24,Female,1,Below College,Technical Degree,Single,415,415,415,415
RDO0416,Yes,34,Female,2,College,Marketing,Divorced,416,416,416,416
RDO0417,No,38,Male,2,College,Life Sciences,Married,417,417,417,417
RDO0418,No,40,Female,4,Master,Life Sciences,Married,418,418,418,418
RDO0419,No,26,Female,3,Bachelor,Life Sciences,Divorced,419,419,419,419
RDO0420,No,30,Male,3,Bachelor,Life Sciences,Married,420,420,420,420
RDO0421,No,29,Male,4,Master,Medical,Married,421,421,421,421
RDO0422,Yes,29,Female,5,Doctor,Technical Degree,Married,422,422,422,422
RDO0423,Yes,19,Male,2,College,Technical Degree,Single,423,423,423,423
RDO0424,No,30,Female,4,Master,Other,Married,424,424,424,424
RDO0425,No,57,Male,3,Bachelor,Marketing,Divorced,425,425,425,425
RDO0426,No,50,Male,4,Master,Life Sciences,Married,426,426,426,426
RDO0427,No,30,Female,3,Bachelor,Medical,Single,427,427,427,427
RDO0428,No,60,Female,3,Bachelor,Marketing,Married,428,428,428,428
RDO0429,No,47,Female,2,College,Medical,Divorced,429,429,429,429
RDO0430,No,46,Male,3,Bachelor,Life Sciences,Married,430,430,430,430
RDO0431,No,35,Male,3,Bachelor,Life Sciences,Single,431,431,431,431
RDO0432,No,54,Female,4,Master,Life Sciences,Single,432,432,432,432
RDO0433,No,34,Male,4,Master,Life Sciences,Divorced,433,433,433,433
RDO0434,No,46,Female,3,Bachelor,Marketing,Married,434,434,434,434
RDO0435,No,31,Male,1,Below College,Life Sciences,Divorced,435,435,435,435
RDO0436,Yes,33,Male,1,Below College,Medical,Married,436,436,436,436
RDO0437,Yes,33,Male,1,Below College,Medical,Divorced,437,437,437,437
RDO0438,No,30,Male,1,Below College,Marketing,Single,438,438,438,438
RDO0439,No,35,Male,3,Bachelor,Life Sciences,Married,439,439,439,439
RDO0440,Yes,31,Male,3,Bachelor,Life Sciences,Married,440,440,440,440
RDO0441,Yes,34,Female,3,Bachelor,Human Resources,Divorced,441,441,441,441
RDO0442,No,42,Male,2,College,Other,Married,442,442,442,442
RDO0443,No,36,Male,4,Master,Medical,Single,443,443,443,443
RDO0444,Yes,22,Male,1,Below College,Technical Degree,Single,444,444,444,444
RDO0445,No,48,Female,5,Doctor,Marketing,Married,445,445,445,445
RDO0446,No,55,Female,5,Doctor,Life Sciences,Single,446,446,446,446
RDO0447,No,41,Male,2,College,Life Sciences,Single,447,447,447,447
RDO0448,No,35,Male,3,Bachelor,Marketing,Married,448,448,448,448
RDO0449,No,40,Female,3,Bachelor,Life Sciences,Single,449,449,449,449
RDO0450,No,39,Female,1,Below College,Life Sciences,Married,450,450,450,450
RDO0451,No,31,Male,1,Below College,Life Sciences,Single,451,451,451,451
RDO0452,No,42,Male,3,Bachelor,Medical,Married,452,452,452,452
RDO0453,No,45,Male,3,Bachelor,Other,Married,453,453,453,453
RDO0454,Yes,26,Female,4,Master,Life Sciences,Divorced,454,454,454,454
RDO0455,No,29,Male,3,Bachelor,Technical Degree,Divorced,455,455,455,455
RDO0456,No,33,Female,5,Doctor,Medical,Divorced,456,456,456,456
RDO0457,No,31,Male,3,Bachelor,Life Sciences,Divorced,457,457,457,457
RDO0458,Yes,18,Male,3,Bachelor,Marketing,Single,458,458,458,458
RDO0459,No,40,Male,3,Bachelor,Other,Divorced,459,459,459,459
RDO0460,No,41,Female,4,Master,Other,Single,460,460,460,460
RDO0461,No,26,Male,2,College,Medical,Divorced,461,461,461,461
RDO0462,No,35,Female,3,Bachelor,Medical,Single,462,462,462,462
RDO0463,No,34,Male,4,Master,Life Sciences,Single,463,463,463,463
RDO0464,Yes,26,Male,3,Bachelor,Technical Degree,Single,464,464,464,464
RDO0465,No,37,Female,3,Bachelor,Technical Degree,Single,465,465,465,465
RDO0466,No,46,Female,1,Below College,Medical,Married,466,466,466,466
RDO0467,No,41,Female,5,Doctor,Life Sciences,Married,467,467,467,467
RDO0468,No,37,Male,4,Master,Medical,Divorced,468,468,468,468
RDO0469,No,52,Male,2,College,Technical Degree,Divorced,469,469,469,469
RDO0470,Yes,32,Male,4,Master,Other,Married,470,470,470,470
RDO0471,No,24,Male,3,Bachelor,Medical,Married,471,471,471,471
RDO0472,No,38,Female,3,Bachelor,Medical,Married,472,472,472,472
RDO0473,No,37,Female,4,Master,Life Sciences,Married,473,473,473,473
RDO0474,No,49,Male,4,Master,Life Sciences,Divorced,474,474,474,474
RDO0475,No,24,Male,3,Bachelor,Medical,Married,475,475,475,475
RDO0476,No,26,Male,2,College,Marketing,Married,476,476,476,476
RDO0477,No,24,Male,2,College,Other,Married,477,477,477,477
RDO0478,No,50,Male,3,Bachelor,Medical,Married,478,478,478,478
RDO0479,No,25,Male,1,Below College,Medical,Married,479,479,479,479
RDO0480,Yes,24,Female,3,Bachelor,Life Sciences,Married,480,480,480,480
RDO0481,Yes,30,Male,4,Master,Life Sciences,Married,481,481,481,481
RDO0482,No,34,Male,2,College,Life Sciences,Married,482,482,482,482
RDO0483,Yes,31,Male,4,Master,Medical,Divorced,483,483,483,483
RDO0484,No,35,Male,2,College,Other,Single,484,484,484,484
RDO0485,No,31,Male,4,Master,Medical,Divorced,485,485,485,485
RDO0486,No,27,Female,4,Master,Medical,Divorced,486,486,486,486
RDO0487,No,37,Male,3,Bachelor,Marketing,Married,487,487,487,487
RDO0488,No,20,Female,3,Bachelor,Life Sciences,Single,488,488,488,488
RDO0489,No,42,Female,4,Master,Life Sciences,Married,489,489,489,489
RDO0490,No,43,Male,4,Master,Other,Divorced,490,490,490,490
RDO0491,No,38,Female,1,Below College,Life Sciences,Single,491,491,491,491
RDO0492,No,43,Male,5,Doctor,Medical,Divorced,492,492,492,492
RDO0493,No,48,Female,4,Master,Life Sciences,Married,493,493,493,493
RDO0494,No,44,Female,4,Master,Life Sciences,Single,494,494,494,494
RDO0495,No,34,Female,3,Bachelor,Technical Degree,Divorced,495,495,495,495
RDO0496,Yes,27,Male,1,Below College,Marketing,Divorced,496,496,496,496
RDO0497,No,21,Male,1,Below College,Technical Degree,Single,497,497,497,497
RDO0498,No,44,Male,4,Master,Other,Married,498,498,498,498
RDO0499,No,22,Male,1,Below College,Medical,Married,499,499,499,499
RDO0500,No,33,Male,4,Master,Marketing,Divorced,500,500,500,500
RDO0501,No,32,Female,4,Master,Life Sciences,Married,501,501,501,501
RDO0502,No,30,Female,3,Bachelor,Medical,Divorced,502,502,502,502
RDO0503,No,53,Female,1,Below College,Medical,Single,503,503,503,503
RDO0504,No,34,Male,5,Doctor,Life Sciences,Married,504,504,504,504
RDO0505,Yes,45,Female,4,Master,Life Sciences,Married,505,505,505,505
RDO0506,No,26,Female,3,Bachelor,Life Sciences,Married,506,506,506,506
RDO0507,No,37,Male,3,Bachelor,Other,Married,507,507,507,507
RDO0508,No,29,Female,2,College,Medical,Married,508,508,508,508
RDO0509,No,35,Male,4,Master,Life Sciences,Single,509,509,509,509
RDO0510,No,33,Male,3,Bachelor,Life Sciences,Divorced,510,510,510,510
RDO0511,No,54,Male,4,Master,Medical,Married,511,511,511,511
RDO0512,No,36,Male,2,College,Medical,Divorced,512,512,512,512
RDO0513,No,27,Male,4,Master,Medical,Single,513,513,513,513
RDO0514,Yes,20,Male,1,Below College,Medical,Single,514,514,514,514
RDO0515,Yes,33,Male,3,Bachelor,Life Sciences,Single,515,515,515,515
RDO0516,No,35,Male,3,Bachelor,Life Sciences,Married,516,516,516,516
RDO0517,No,23,Male,3,Bachelor,Medical,Married,517,517,517,517
RDO0518,No,25,Male,3,Bachelor,Life Sciences,Married,518,518,518,518
RDO0519,No,38,Female,4,Master,Marketing,Single,519,519,519,519
RDO0520,No,29,Male,4,Master,Life Sciences,Divorced,520,520,520,520
RDO0521,No,48,Male,1,Below College,Marketing,Married,521,521,521,521
RDO0522,No,27,Female,1,Below College,Medical,Divorced,522,522,522,522
RDO0523,No,37,Male,2,College,Life Sciences,Single,523,523,523,523
RDO0524,No,50,Male,1,Below College,Medical,Married,524,524,524,524
RDO0525,No,34,Female,3,Bachelor,Medical,Single,525,525,525,525
RDO0526,Yes,24,Female,2,College,Life Sciences,Single,526,526,526,526
RDO0527,No,39,Female,4,Master,Technical Degree,Single,527,527,527,527
RDO0528,No,32,Male,3,Bachelor,Marketing,Single,528,528,528,528
RDO0529,Yes,50,Male,2,College,Technical Degree,Married,529,529,529,529
RDO0530,No,38,Female,4,Master,Life Sciences,Single,530,530,530,530
RDO0531,No,27,Female,2,College,Life Sciences,Married,531,531,531,531
RDO0532,No,32,Female,2,College,Life Sciences,Single,532,532,532,532
RDO0533,No,47,Male,4,Master,Marketing,Single,533,533,533,533
RDO0534,No,40,Male,4,Master,Life Sciences,Married,534,534,534,534
RDO0535,No,53,Male,3,Bachelor,Life Sciences,Married,535,535,535,535
RDO0536,No,41,Male,4,Master,Human Resources,Divorced,536,536,536,536
RDO0537,No,60,Male,4,Master,Marketing,Single,537,537,537,537
RDO0538,No,27,Male,2,College,Life Sciences,Divorced,538,538,538,538
RDO0539,No,41,Male,3,Bachelor,Human Resources,Married,539,539,539,539
RDO0540,No,50,Male,4,Master,Marketing,Married,540,540,540,540
RDO0541,Yes,28,Female,2,College,Life Sciences,Single,541,541,541,541
RDO0542,No,36,Female,3,Bachelor,Life Sciences,Married,542,542,542,542
RDO0543,No,38,Female,3,Bachelor,Life Sciences,Single,543,543,543,543
RDO0544,No,44,Male,3,Bachelor,Medical,Single,544,544,544,544
RDO0545,No,47,Female,3,Bachelor,Medical,Divorced,545,545,545,545
RDO0546,No,30,Male,5,Doctor,Marketing,Divorced,546,546,546,546
RDO0547,No,29,Male,3,Bachelor,Life Sciences,Single,547,547,547,547
RDO0548,Yes,42,Male,3,Bachelor,Medical,Divorced,548,548,548,548
RDO0549,No,43,Male,3,Bachelor,Life Sciences,Married,549,549,549,549
RDO0550,No,34,Female,2,College,Medical,Single,550,550,550,550
RDO0551,No,23,Male,1,Below College,Medical,Married,551,551,551,551
RDO0552,No,39,Female,3,Bachelor,Human Resources,Married,552,552,552,552
RDO0553,No,56,Male,3,Bachelor,Medical,Married,553,553,553,553
RDO0554,No,40,Female,1,Below College,Medical,Single,554,554,554,554
RDO0555,No,27,Female,3,Bachelor,Medical,Single,555,555,555,555
RDO0556,No,29,Male,3,Bachelor,Marketing,Divorced,556,556,556,556
RDO0557,No,53,Male,3,Bachelor,Life Sciences,Single,557,557,557,557
RDO0558,No,35,Female,4,Master,Life Sciences,Divorced,558,558,558,558
RDO0559,No,32,Male,4,Master,Life Sciences,Married,559,559,559,559
RDO0560,No,38,Male,5,Doctor,Medical,Married,560,560,560,560
RDO0561,No,34,Female,5,Doctor,Life Sciences,Divorced,561,561,561,561
RDO0562,No,52,Male,4,Master,Marketing,Married,562,562,562,562
RDO0563,Yes,33,Male,4,Master,Other,Single,563,563,563,563
RDO0564,No,25,Female,1,Below College,Medical,Single,564,564,564,564
RDO0565,No,45,Male,2,College,Technical Degree,Single,565,565,565,565
RDO0566,No,23,Male,1,Below College,Medical,Single,566,566,566,566
RDO0567,Yes,47,Female,2,College,Life Sciences,Single,567,567,567,567
RDO0568,No,34,Male,3,Bachelor,Other,Single,568,568,568,568
RDO0569,Yes,55,Male,3,Bachelor,Medical,Married,569,569,569,569
RDO0570,No,36,Male,4,Master,Life Sciences,Single,570,570,570,570
RDO0571,No,52,Male,4,Master,Medical,Married,571,571,571,571
RDO0572,No,26,Female,2,College,Life Sciences,Divorced,572,572,572,572
RDO0573,No,29,Female,3,Bachelor,Medical,Married,573,573,573,573
RDO0574,Yes,26,Male,3,Bachelor,Technical Degree,Single,574,574,574,574
RDO0575,No,34,Female,4,Master,Life Sciences,Single,575,575,575,575
RDO0576,No,54,Female,4,Master,Medical,Divorced,576,576,576,576
RDO0577,No,27,Male,1,Below College,Marketing,Married,577,577,577,577
RDO0578,No,37,Female,1,Below College,Life Sciences,Divorced,578,578,578,578
RDO0579,No,38,Female,4,Master,Life Sciences,Single,579,579,579,579
RDO0580,No,34,Female,4,Master,Medical,Single,580,580,580,580
RDO0581,No,35,Female,4,Master,Life Sciences,Married,581,581,581,581
RDO0582,No,30,Male,3,Bachelor,Life Sciences,Married,582,582,582,582
RDO0583,No,40,Female,2,College,Medical,Married,583,583,583,583
RDO0584,No,34,Female,2,College,Life Sciences,Married,584,584,584,584
RDO0585,No,42,Male,3,Bachelor,Life Sciences,Divorced,585,585,585,585
RDO0586,Yes,23,Male,3,Bachelor,Life Sciences,Married,586,586,586,586
RDO0587,No,24,Male,3,Bachelor,Life Sciences,Divorced,587,587,587,587
RDO0588,No,52,Female,4,Master,Life Sciences,Married,588,588,588,588
RDO0589,No,50,Male,3,Bachelor,Medical,Married,589,589,589,589
RDO0590,Yes,29,Female,2,College,Life Sciences,Married,590,590,590,590
RDO0591,No,33,Male,3,Bachelor,Medical,Married,591,591,591,591
RDO0592,Yes,33,Female,3,Bachelor,Marketing,Single,592,592,592,592
RDO0593,No,47,Female,2,College,Other,Married,593,593,593,593
RDO0594,No,36,Female,3,Bachelor,Other,Married,594,594,594,594
RDO0595,No,29,Male,2,College,Life Sciences,Married,595,595,595,595
RDO0596,Yes,58,Male,4,Master,Life Sciences,Single,596,596,596,596
RDO0597,No,35,Female,4,Master,Life Sciences,Single,597,597,597,597
RDO0598,No,42,Female,2,College,Life Sciences,Married,598,598,598,598
RDO0599,Yes,28,Male,4,Master,Medical,Single,599,599,599,599
RDO0600,No,36,Male,3,Bachelor,Human Resources,Married,600,600,600,600
RDO0601,No,32,Female,3,Bachelor,Life Sciences,Married,601,601,601,601
RDO0602,No,40,Male,4,Master,Medical,Single,602,602,602,602
RDO0603,No,30,Female,3,Bachelor,Medical,Single,603,603,603,603
RDO0604,No,45,Female,3,Bachelor,Life Sciences,Single,604,604,604,604
RDO0605,No,42,Male,3,Bachelor,Life Sciences,Married,605,605,605,605
RDO0606,No,38,Male,3,Bachelor,Life Sciences,Divorced,606,606,606,606
RDO0607,No,34,Female,4,Master,Life Sciences,Single,607,607,607,607
RDO0608,Yes,49,Female,3,Bachelor,Marketing,Married,608,608,608,608
RDO0609,Yes,55,Male,1,Below College,Medical,Single,609,609,609,609
RDO0610,No,43,Male,2,College,Life Sciences,Married,610,610,610,610
RDO0611,No,27,Male,1,Below College,Technical Degree,Divorced,611,611,611,611
RDO0612,No,35,Male,3,Bachelor,Other,Single,612,612,612,612
RDO0613,No,28,Female,4,Master,Marketing,Married,613,613,613,613
RDO0614,No,34,Male,2,College,Human Resources,Married,614,614,614,614
RDO0615,Yes,26,Female,2,College,Medical,Married,615,615,615,615
RDO0616,No,27,Male,3,Bachelor,Medical,Married,616,616,616,616
RDO0617,No,51,Female,4,Master,Marketing,Married,617,617,617,617
RDO0618,No,44,Male,3,Bachelor,Medical,Single,618,618,618,618
RDO0619,No,25,Male,1,Below College,Medical,Single,619,619,619,619
RDO0620,No,33,Male,3,Bachelor,Medical,Divorced,620,620,620,620
RDO0621,No,35,Female,1,Below College,Medical,Single,621,621,621,621
RDO0622,No,36,Male,2,College,Life Sciences,Married,622,622,622,622
RDO0623,No,32,Male,4,Master,Life Sciences,Divorced,623,623,623,623
RDO0624,No,30,Male,4,Master,Life Sciences,Divorced,624,624,624,624
RDO0625,No,53,Female,2,College,Marketing,Married,625,625,625,625
RDO0626,No,45,Male,3,Bachelor,Marketing,Divorced,626,626,626,626
RDO0627,No,32,Female,2,College,Medical,Married,627,627,627,627
RDO0628,No,52,Female,4,Master,Medical,Married,628,628,628,628
RDO0629,No,37,Male,4,Master,Marketing,Divorced,629,629,629,629
RDO0630,No,28,Male,2,College,Medical,Divorced,630,630,630,630
RDO0631,No,22,Male,2,College,Life Sciences,Married,631,631,631,631
RDO0632,No,44,Male,4,Master,Life Sciences,Married,632,632,632,632
RDO0633,No,42,Male,1,Below College,Medical,Single,633,633,633,633
RDO0634,No,36,Male,3,Bachelor,Life Sciences,Married,634,634,634,634
RDO0635,No,25,Male,1,Below College,Other,Married,635,635,635,635
RDO0636,No,35,Female,3,Bachelor,Life Sciences,Married,636,636,636,636
RDO0637,Yes,35,Female,4,Master,Life Sciences,Divorced,637,637,637,637
RDO0638,No,32,Male,3,Bachelor,Life Sciences,Divorced,638,638,638,638
RDO0639,No,25,Male,1,Below College,Marketing,Married,639,639,639,639
RDO0640,No,49,Female,3,Bachelor,Technical Degree,Married,640,640,640,640
RDO0641,No,24,Male,1,Below College,Life Sciences,Married,641,641,641,641
RDO0642,No,32,Male,2,College,Life Sciences,Married,642,642,642,642
RDO0643,No,38,Male,3,Bachelor,Marketing,Married,643,643,643,643
RDO0644,No,42,Female,3,Bachelor,Life Sciences,Married,644,644,644,644
RDO0645,No,31,Male,4,Master,Life Sciences,Married,645,645,645,645
RDO0646,Yes,29,Female,3,Bachelor,Medical,Divorced,646,646,646,646
RDO0647,No,53,Male,3,Bachelor,Marketing,Married,647,647,647,647
RDO0648,No,35,Male,3,Bachelor,Technical Degree,Married,648,648,648,648
RDO0649,No,37,Female,2,College,Medical,Married,649,649,649,649
RDO0650,No,53,Female,4,Master,Life Sciences,Single,650,650,650,650
RDO0651,No,43,Female,3,Bachelor,Life Sciences,Married,651,651,651,651
RDO0652,No,47,Female,2,College,Marketing,Married,652,652,652,652
RDO0653,No,37,Male,2,College,Medical,Single,653,653,653,653
RDO0654,No,50,Male,4,Master,Life Sciences,Divorced,654,654,654,654
RDO0655,No,39,Female,3,Bachelor,Life Sciences,Married,655,655,655,655
RDO0656,No,33,Male,2,College,Human Resources,Divorced,656,656,656,656
RDO0657,Yes,32,Male,4,Master,Life Sciences,Single,657,657,657,657
RDO0658,No,29,Female,1,Below College,Medical,Divorced,658,658,658,658
RDO0659,No,44,Male,2,College,Life Sciences,Married,659,659,659,659
RDO0660,No,28,Male,4,Master,Medical,Single,660,660,660,660
RDO0661,Yes,58,Male,1,Below College,Life Sciences,Divorced,661,661,661,661
RDO0662,No,43,Female,3,Bachelor,Life Sciences,Divorced,662,662,662,662
RDO0663,Yes,20,Female,3,Bachelor,Medical,Single,663,663,663,663
RDO0664,Yes,21,Female,1,Below College,Other,Single,664,664,664,664
RDO0665,No,36,Male,1,Below College,Life Sciences,Married,665,665,665,665
RDO0666,No,47,Female,4,Master,Life Sciences,Single,666,666,666,666
RDO0667,Yes,22,Female,1,Below College,Life Sciences,Married,667,667,667,667
RDO0668,Yes,41,Female,4,Master,Life Sciences,Divorced,668,668,668,668
RDO0669,No,28,Female,3,Bachelor,Medical,Divorced,669,669,669,669
RDO0670,Yes,39,Male,3,Bachelor,Medical,Married,670,670,670,670
RDO0671,No,27,Female,3,Bachelor,Life Sciences,Single,671,671,671,671
RDO0672,No,34,Male,3,Bachelor,Life Sciences,Divorced,672,672,672,672
RDO0673,No,42,Female,2,College,Medical,Single,673,673,673,673
RDO0674,No,33,Male,4,Master,Other,Single,674,674,674,674
RDO0675,No,58,Female,3,Bachelor,Technical Degree,Divorced,675,675,675,675
RDO0676,No,31,Male,4,Master,Life Sciences,Married,676,676,676,676
RDO0677,No,35,Female,1,Below College,Life Sciences,Married,677,677,677,677
RDO0678,No,49,Female,2,College,Other,Married,678,678,678,678
RDO0679,No,48,Male,4,Master,Medical,Married,679,679,679,679
RDO0680,No,31,Female,2,College,Marketing,Married,680,680,680,680
RDO0681,No,36,Male,4,Master,Other,Single,681,681,681,681
RDO0682,No,38,Female,3,Bachelor,Technical Degree,Married,682,682,682,682
RDO0683,No,32,Female,3,Bachelor,Life Sciences,Married,683,683,683,683
RDO0684,Yes,25,Male,2,College,Marketing,Married,684,684,684,684
RDO0685,No,40,Male,4,Master,Marketing,Divorced,685,685,685,685
RDO0686,No,26,Male,3,Bachelor,Medical,Single,686,686,686,686
RDO0687,No,41,Male,3,Bachelor,Medical,Single,687,687,687,687
RDO0688,No,36,Male,4,Master,Medical,Single,688,688,688,688
RDO0689,Yes,19,Male,3,Bachelor,Other,Single,689,689,689,689
RDO0690,Yes,20,Male,3,Bachelor,Technical Degree,Single,690,690,690,690
RDO0691,No,31,Female,3,Bachelor,Medical,Married,691,691,691,691
RDO0692,No,40,Male,4,Master,Medical,Divorced,692,692,692,692
RDO0693,No,32,Female,4,Master,Medical,Married,693,693,693,693
RDO0694,Yes,36,Male,1,Below College,Life Sciences,Married,694,694,694,694
RDO0695,No,33,Female,3,Bachelor,Life Sciences,Single,695,695,695,695
RDO0696,Yes,37,Male,4,Master,Life Sciences,Married,696,696,696,696
RDO0697,No,45,Male,2,College,Life Sciences,Married,697,697,697,697
RDO0698,No,29,Female,3,Bachelor,Technical Degree,Married,698,698,698,698
RDO0699,No,35,Female,3,Bachelor,Medical,Married,699,699,699,699
RDO0700,No,52,Male,2,College,Life Sciences,Married,700,700,700,700
RDO0701,Yes,58,Male,3,Bachelor,Technical Degree,Single,701,701,701,701
RDO0702,No,53,Male,2,College,Medical,Divorced,702,702,702,702
RDO0703,No,30,Male,2,College,Other,Divorced,703,703,703,703
RDO0704,No,38,Female,3,Bachelor,Technical Degree,Single,704,704,704,704
RDO0705,No,35,Male,4,Master,Life Sciences,Divorced,705,705,705,705
RDO0706,No,39,Male,5,Doctor,Life Sciences,Single,706,706,706,706
RDO0707,Yes,40,Female,3,Bachelor,Life Sciences,Single,707,707,707,707
RDO0708,No,47,Male,4,Master,Medical,Divorced,708,708,708,708
RDO0709,No,36,Male,4,Master,Technical Degree,Divorced,709,709,709,709
RDO0710,Yes,31,Male,2,College,Medical,Single,710,710,710,710
RDO0711,No,33,Male,3,Bachelor,Life Sciences,Single,711,711,711,711
RDO0712,Yes,29,Female,3,Bachelor,Life Sciences,Single,712,712,712,712
RDO0713,No,33,Female,1,Below College,Life Sciences,Single,713,713,713,713
RDO0714,No,45,Female,4,Master,Medical,Divorced,714,714,714,714
RDO0715,No,50,Male,2,College,Medical,Divorced,715,715,715,715
RDO0716,No,33,Female,4,Master,Other,Married,716,716,716,716
RDO0717,No,41,Male,3,Bachelor,Medical,Divorced,717,717,717,717
RDO0718,No,27,Female,4,Master,Technical Degree,Married,718,718,718,718
RDO0719,No,45,Male,2,College,Life Sciences,Married,719,719,719,719
RDO0720,No,47,Female,2,College,Life Sciences,Single,720,720,720,720
RDO0721,Yes,30,Female,3,Bachelor,Life Sciences,Married,721,721,721,721
RDO0722,No,50,Male,3,Bachelor,Life Sciences,Married,722,722,722,722
RDO0723,No,38,Male,1,Below College,Medical,Married,723,723,723,723
RDO0724,No,46,Male,2,College,Medical,Divorced,724,724,724,724
RDO0725,No,24,Female,1,Below College,Medical,Divorced,725,725,725,725
RDO0726,Yes,35,Male,4,Master,Other,Divorced,726,726,726,726
RDO0727,No,31,Female,1,Below College,Life Sciences,Married,727,727,727,727
RDO0728,No,18,Male,2,College,Life Sciences,Single,728,728,728,728
RDO0729,No,54,Female,3,Bachelor,Technical Degree,Married,729,729,729,729
RDO0730,No,35,Female,4,Master,Medical,Divorced,730,730,730,730
RDO0731,No,30,Female,2,College,Life Sciences,Married,731,731,731,731
RDO0732,Yes,20,Female,3,Bachelor,Medical,Single,732,732,732,732
RDO0733,Yes,30,Female,3,Bachelor,Medical,Single,733,733,733,733
RDO0734,No,26,Male,2,College,Medical,Married,734,734,734,734
RDO0735,No,22,Male,1,Below College,Life Sciences,Married,735,735,735,735
RDO0736,No,48,Male,3,Bachelor,Life Sciences,Single,736,736,736,736
RDO0737,No,48,Male,4,Master,Life Sciences,Single,737,737,737,737
RDO0738,No,41,Female,2,College,Medical,Single,738,738,738,738
RDO0739,No,39,Female,1,Below College,Life Sciences,Married,739,739,739,739
RDO0740,No,27,Female,4,Master,Life Sciences,Married,740,740,740,740
RDO0741,No,35,Male,3,Bachelor,Other,Divorced,741,741,741,741
RDO0742,No,42,Male,2,College,Marketing,Married,742,742,742,742
RDO0743,No,50,Male,3,Bachelor,Life Sciences,Married,743,743,743,743
RDO0744,No,59,Female,3,Bachelor,Life Sciences,Single,744,744,744,744
RDO0745,Yes,37,Female,2,College,Medical,Married,745,745,745,745
RDO0746,No,55,Male,4,Master,Medical,Married,746,746,746,746
RDO0747,No,41,Female,1,Below College,Life Sciences,Divorced,747,747,747,747
RDO0748,No,38,Male,4,Master,Life Sciences,Single,748,748,748,748
RDO0749,Yes,26,Male,2,College,Medical,Single,749,749,749,749
RDO0750,Yes,52,Female,1,Below College,Marketing,Married,750,750,750,750
RDO0751,No,44,Female,3,Bachelor,Medical,Married,751,751,751,751
RDO0752,No,50,Female,3,Bachelor,Life Sciences,Married,752,752,752,752
RDO0753,Yes,36,Female,4,Master,Life Sciences,Single,753,753,753,753
RDO0754,No,39,Female,3,Bachelor,Medical,Single,754,754,754,754
RDO0755,No,33,Female,1,Below College,Life Sciences,Single,755,755,755,755
RDO0756,No,45,Female,2,College,Life Sciences,Married,756,756,756,756
RDO0757,No,32,Female,4,Master,Medical,Single,757,757,757,757
RDO0758,No,34,Male,4,Master,Marketing,Divorced,758,758,758,758
RDO0759,No,59,Male,2,College,Technical Degree,Married,759,759,759,759
RDO0760,No,45,Male,4,Master,Medical,Single,760,760,760,760
RDO0761,No,53,Female,3,Bachelor,Marketing,Married,761,761,761,761
RDO0762,Yes,36,Male,3,Bachelor,Other,Divorced,762,762,762,762
RDO0763,Yes,26,Male,3,Bachelor,Life Sciences,Married,763,763,763,763
RDO0764,No,34,Female,4,Master,Life Sciences,Married,764,764,764,764
RDO0765,No,28,Male,1,Below College,Medical,Married,765,765,765,765
RDO0766,No,38,Male,4,Master,Other,Married,766,766,766,766
RDO0767,No,50,Male,4,Master,Medical,Married,767,767,767,767
RDO0768,No,37,Female,3,Bachelor,Other,Single,768,768,768,768
RDO0769,No,40,Male,3,Bachelor,Marketing,Married,769,769,769,769
RDO0770,No,26,Female,1,Below College,Medical,Divorced,770,770,770,770
RDO0771,No,46,Male,4,Master,Medical,Divorced,771,771,771,771
RDO0772,No,54,Female,4,Master,Life Sciences,Married,772,772,772,772
RDO0773,No,56,Female,3,Bachelor,Medical,Married,773,773,773,773
RDO0774,No,36,Female,5,Doctor,Medical,Single,774,774,774,774
RDO0775,No,55,Male,1,Below College,Medical,Single,775,775,775,775
RDO0776,No,43,Male,3,Bachelor,Medical,Divorced,776,776,776,776
RDO0777,Yes,20,Female,3,Bachelor,Marketing,Single,777,777,777,777
RDO0778,Yes,21,Female,3,Bachelor,Life Sciences,Single,778,778,778,778
RDO0779,No,46,Female,4,Master,Life Sciences,Divorced,779,779,779,779
RDO0780,Yes,51,Male,4,Master,Life Sciences,Married,780,780,780,780
RDO0781,Yes,28,Male,2,College,Technical Degree,Single,781,781,781,781
RDO0782,No,26,Male,2,College,Medical,Married,782,782,782,782
RDO0783,No,30,Male,3,Bachelor,Other,Married,783,783,783,783
RDO0784,No,41,Female,2,College,Technical Degree,Married,784,784,784,784
RDO0785,No,38,Female,1,Below College,Life Sciences,Married,785,785,785,785
RDO0786,No,40,Male,4,Master,Technical Degree,Married,786,786,786,786
RDO0787,No,27,Male,5,Doctor,Life Sciences,Married,787,787,787,787
RDO0788,No,55,Male,1,Below College,Life Sciences,Married,788,788,788,788
RDO0789,No,28,Female,3,Bachelor,Other,Single,789,789,789,789
RDO0790,Yes,44,Male,2,College,Medical,Married,790,790,790,790
RDO0791,No,33,Male,3,Bachelor,Life Sciences,Divorced,791,791,791,791
RDO0792,Yes,35,Male,3,Bachelor,Technical Degree,Single,792,792,792,792
RDO0793,Yes,33,Female,4,Master,Medical,Single,793,793,793,793
RDO0794,No,28,Male,2,College,Life Sciences,Divorced,794,794,794,794
RDO0795,No,34,Male,1,Below College,Life Sciences,Single,795,795,795,795
RDO0796,No,37,Female,4,Master,Life Sciences,Divorced,796,796,796,796
RDO0797,Yes,25,Male,1,Below College,Technical Degree,Married,797,797,797,797
RDO0798,Yes,26,Male,3,Bachelor,Medical,Divorced,798,798,798,798
RDO0799,Yes,33,Male,3,Bachelor,Medical,Single,799,799,799,799
RDO0800,No,42,Male,2,College,Medical,Married,800,800,800,800
RDO0801,Yes,28,Male,3,Bachelor,Medical,Divorced,801,801,801,801
RDO0802,Yes,50,Male,4,Master,Other,Single,802,802,802,802
RDO0803,No,33,Female,3,Bachelor,Life Sciences,Married,803,803,803,803
RDO0804,No,34,Male,4,Master,Life Sciences,Married,804,804,804,804
RDO0805,No,48,Male,4,Master,Medical,Single,805,805,805,805
RDO0806,No,45,Female,4,Master,Life Sciences,Married,806,806,806,806
RDO0807,No,52,Male,4,Master,Life Sciences,Single,807,807,807,807
RDO0808,No,38,Male,4,Master,Marketing,Divorced,808,808,808,808
RDO0809,No,29,Female,4,Master,Life Sciences,Divorced,809,809,809,809
RDO0810,No,28,Female,3,Bachelor,Medical,Divorced,810,810,810,810
RDO0811,No,46,Male,1,Below College,Marketing,Married,811,811,811,811
RDO0812,No,38,Male,2,College,Marketing,Single,812,812,812,812
RDO0813,No,43,Female,3,Bachelor,Life Sciences,Married,813,813,813,813
RDO0814,Yes,39,Male,3,Bachelor,Life Sciences,Divorced,814,814,814,814
RDO0815,No,40,Male,3,Bachelor,Medical,Single,815,815,815,815
RDO0816,No,21,Female,1,Below College,Technical Degree,Single,816,816,816,816
RDO0817,No,39,Male,3,Bachelor,Life Sciences,Single,817,817,817,817
RDO0818,No,36,Male,4,Master,Life Sciences,Single,818,818,818,818
RDO0819,No,31,Male,3,Bachelor,Life Sciences,Married,819,819,819,819
RDO0820,No,28,Male,1,Below College,Life Sciences,Married,820,820,820,820
RDO0821,No,35,Male,2,College,Marketing,Divorced,821,821,821,821
RDO0822,No,49,Male,4,Master,Technical Degree,Married,822,822,822,822
RDO0823,No,34,Male,2,College,Life Sciences,Single,823,823,823,823
RDO0824,No,29,Female,3,Bachelor,Life Sciences,Divorced,824,824,824,824
RDO0825,No,42,Male,3,Bachelor,Medical,Single,825,825,825,825
RDO0826,No,29,Male,1,Below College,Medical,Married,826,826,826,826
RDO0827,No,38,Male,3,Bachelor,Human Resources,Married,827,827,827,827
RDO0828,No,28,Male,3,Bachelor,Life Sciences,Divorced,828,828,828,828
RDO0829,Yes,18,Male,1,Below College,Medical,Single,829,829,829,829
RDO0830,Yes,33,Female,4,Master,Marketing,Single,830,830,830,830
RDO0831,No,41,Male,4,Master,Life Sciences,Married,831,831,831,831
RDO0832,Yes,31,Male,3,Bachelor,Medical,Married,832,832,832,832
RDO0833,No,37,Female,2,College,Medical,Divorced,833,833,833,833
RDO0834,No,27,Male,3,Bachelor,Life Sciences,Married,834,834,834,834
RDO0835,No,34,Female,1,Below College,Life Sciences,Married,835,835,835,835
RDO0836,No,35,Male,4,Master,Technical Degree,Single,836,836,836,836
RDO0837,Yes,29,Female,1,Below College,Life Sciences,Married,837,837,837,837
RDO0838,No,40,Female,4,Master,Medical,Single,838,838,838,838
RDO0839,Yes,42,Male,3,Bachelor,Life Sciences,Single,839,839,839,839
RDO0840,No,42,Male,4,Master,Marketing,Single,840,840,840,840
RDO0841,No,35,Male,4,Master,Medical,Married,841,841,841,841
RDO0842,No,24,Male,3,Bachelor,Medical,Single,842,842,842,842
RDO0843,Yes,28,Female,1,Below College,Life Sciences,Married,843,843,843,843
RDO0844,No,26,Male,4,Master,Medical,Married,844,844,844,844
RDO0845,No,30,Male,3,Bachelor,Marketing,Married,845,845,845,845
RDO0846,No,40,Female,2,College,Medical,Married,846,846,846,846
RDO0847,No,35,Male,3,Bachelor,Life Sciences,Divorced,847,847,847,847
RDO0848,No,34,Male,3,Bachelor,Medical,Single,848,848,848,848
RDO0849,No,35,Male,4,Master,Other,Married,849,849,849,849
RDO0850,Yes,43,Female,3,Bachelor,Marketing,Single,850,850,850,850
RDO0851,No,32,Female,1,Below College,Life Sciences,Divorced,851,851,851,851
RDO0852,No,56,Female,4,Master,Technical Degree,Divorced,852,852,852,852
RDO0853,No,29,Female,1,Below College,Medical,Married,853,853,853,853
RDO0854,No,19,Male,2,College,Life Sciences,Single,854,854,854,854
RDO0855,No,45,Female,3,Bachelor,Medical,Married,855,855,855,855
RDO0856,No,37,Female,3,Bachelor,Life Sciences,Married,856,856,856,856
RDO0857,No,20,Male,3,Bachelor,Life Sciences,Single,857,857,857,857
RDO0858,Yes,44,Male,4,Master,Life Sciences,Single,858,858,858,858
RDO0859,No,53,Female,2,College,Medical,Divorced,859,859,859,859
RDO0860,No,29,Female,1,Below College,Life Sciences,Married,860,860,860,860
RDO0861,Yes,22,Male,4,Master,Life Sciences,Married,861,861,861,861
RDO0862,No,46,Female,3,Bachelor,Marketing,Married,862,862,862,862
RDO0863,No,44,Male,3,Bachelor,Life Sciences,Single,863,863,863,863
RDO0864,No,33,Male,3,Bachelor,Human Resources,Married,864,864,864,864
RDO0865,Yes,41,Male,2,College,Life Sciences,Divorced,865,865,865,865
RDO0866,No,30,Male,4,Master,Life Sciences,Divorced,866,866,866,866
RDO0867,No,40,Male,4,Master,Medical,Married,867,867,867,867
RDO0868,No,50,Female,3,Bachelor,Medical,Married,868,868,868,868
RDO0869,No,28,Male,4,Master,Medical,Married,869,869,869,869
RDO0870,No,46,Male,2,College,Life Sciences,Married,870,870,870,870
RDO0871,No,35,Male,4,Master,Life Sciences,Married,871,871,871,871
RDO0872,Yes,24,Female,2,College,Life Sciences,Married,872,872,872,872
RDO0873,No,33,Female,3,Bachelor,Medical,Married,873,873,873,873
RDO0874,No,36,Male,4,Master,Life Sciences,Divorced,874,874,874,874
RDO0875,No,30,Male,4,Master,Life Sciences,Divorced,875,875,875,875
RDO0876,No,44,Male,4,Master,Other,Single,876,876,876,876
RDO0877,No,20,Male,3,Bachelor,Marketing,Single,877,877,877,877
RDO0878,No,46,Male,4,Master,Technical Degree,Divorced,878,878,878,878
RDO0879,No,42,Male,5,Doctor,Medical,Married,879,879,879,879
RDO0880,No,60,Male,4,Master,Marketing,Divorced,880,880,880,880
RDO0881,No,32,Female,3,Bachelor,Other,Married,881,881,881,881
RDO0882,No,32,Female,2,College,Life Sciences,Single,882,882,882,882
RDO0883,No,36,Female,3,Bachelor,Technical Degree,Divorced,883,883,883,883
RDO0884,No,33,Male,3,Bachelor,Medical,Married,884,884,884,884
RDO0885,No,40,Female,3,Bachelor,Technical Degree,Divorced,885,885,885,885
RDO0886,No,25,Male,4,Master,Life Sciences,Single,886,886,886,886
RDO0887,No,30,Male,3,Bachelor,Medical,Married,887,887,887,887
RDO0888,No,42,Female,5,Doctor,Medical,Married,888,888,888,888
RDO0889,No,35,Female,2,College,Marketing,Married,889,889,889,889
RDO0890,No,27,Male,3,Bachelor,Life Sciences,Married,890,890,890,890
RDO0891,No,54,Female,4,Master,Life Sciences,Divorced,891,891,891,891
RDO0892,No,44,Female,1,Below College,Life Sciences,Married,892,892,892,892
RDO0893,Yes,19,Female,3,Bachelor,Medical,Single,893,893,893,893
RDO0894,No,29,Female,3,Bachelor,Life Sciences,Divorced,894,894,894,894
RDO0895,No,54,Male,3,Bachelor,Life Sciences,Married,895,895,895,895
RDO0896,No,31,Male,2,College,Medical,Married,896,896,896,896
RDO0897,No,31,Female,3,Bachelor,Medical,Single,897,897,897,897
RDO0898,No,59,Female,3,Bachelor,Life Sciences,Single,898,898,898,898
RDO0899,No,43,Male,3,Bachelor,Life Sciences,Married,899,899,899,899
RDO0900,No,49,Male,2,College,Medical,Married,900,900,900,900
RDO0901,No,36,Male,3,Bachelor,Technical Degree,Married,901,901,901,901
RDO0902,No,48,Male,2,College,Technical Degree,Single,902,902,902,902
RDO0903,No,27,Male,2,College,Life Sciences,Divorced,903,903,903,903
RDO0904,No,29,Male,3,Bachelor,Life Sciences,Divorced,904,904,904,904
RDO0905,No,48,Male,3,Bachelor,Life Sciences,Single,905,905,905,905
RDO0906,No,29,Female,3,Bachelor,Life Sciences,Divorced,906,906,906,906
RDO0907,No,34,Female,3,Bachelor,Technical Degree,Married,907,907,907,907
RDO0908,No,44,Male,3,Bachelor,Marketing,Married,908,908,908,908
RDO0909,No,33,Male,5,Doctor,Marketing,Divorced,909,909,909,909
RDO0910,No,19,Female,3,Bachelor,Life Sciences,Single,910,910,910,910
RDO0911,No,23,Male,2,College,Life Sciences,Married,911,911,911,911
RDO0912,Yes,25,Male,1,Below College,Life Sciences,Single,912,912,912,912
RDO0913,No,26,Male,2,College,Life Sciences,Single,913,913,913,913
RDO0914,Yes,45,Female,3,Bachelor,Marketing,Single,914,914,914,914
RDO0915,No,55,Male,1,Below College,Medical,Divorced,915,915,915,915
RDO0916,Yes,21,Female,2,College,Life Sciences,Single,916,916,916,916
RDO0917,No,46,Female,2,College,Marketing,Married,917,917,917,917
RDO0918,No,34,Female,3,Bachelor,Marketing,Single,918,918,918,918
RDO0919,No,51,Male,3,Bachelor,Life Sciences,Divorced,919,919,919,919
RDO0920,No,59,Male,4,Master,Medical,Single,920,920,920,920
RDO0921,No,34,Female,3,Bachelor,Medical,Divorced,921,921,921,921
RDO0922,No,28,Male,4,Master,Medical,Single,922,922,922,922
RDO0923,No,44,Male,2,College,Life Sciences,Divorced,923,923,923,923
RDO0924,No,34,Male,3,Bachelor,Life Sciences,Married,924,924,924,924
RDO0925,No,35,Male,1,Below College,Life Sciences,Married,925,925,925,925
RDO0926,No,42,Female,4,Master,Medical,Married,926,926,926,926
RDO0927,No,43,Female,4,Master,Marketing,Single,927,927,927,927
RDO0928,No,36,Female,4,Master,Life Sciences,Single,928,928,928,928
RDO0929,Yes,44,Female,3,Bachelor,Medical,Married,929,929,929,929
RDO0930,No,28,Male,3,Bachelor,Life Sciences,Married,930,930,930,930
RDO0931,No,51,Female,2,College,Medical,Single,931,931,931,931
RDO0932,No,30,Female,2,College,Medical,Single,932,932,932,932
RDO0933,Yes,29,Female,3,Bachelor,Technical Degree,Divorced,933,933,933,933
RDO0934,No,28,Male,3,Bachelor,Technical Degree,Single,934,934,934,934
RDO0935,No,25,Female,3,Bachelor,Medical,Single,935,935,935,935
RDO0936,No,32,Male,3,Bachelor,Medical,Married,936,936,936,936
RDO0937,No,45,Female,3,Bachelor,Medical,Single,937,937,937,937
RDO0938,No,39,Female,4,Master,Medical,Divorced,938,938,938,938
RDO0939,No,58,Male,4,Master,Life Sciences,Divorced,939,939,939,939
RDO0940,Yes,32,Male,2,College,Life Sciences,Married,940,940,940,940
RDO0941,Yes,39,Male,3,Bachelor,Medical,Single,941,941,941,941
RDO0942,No,30,Female,3,Bachelor,Technical Degree,Married,942,942,942,942
RDO0943,No,36,Female,4,Master,Technical Degree,Married,943,943,943,943
RDO0944,No,46,Female,2,College,Life Sciences,Single,944,944,944,944
RDO0945,No,28,Female,3,Bachelor,Life Sciences,Married,945,945,945,945
RDO0946,No,50,Female,3,Bachelor,Life Sciences,Married,946,946,946,946
RDO0947,Yes,40,Male,4,Master,Marketing,Single,947,947,947,947
RDO0948,Yes,52,Male,3,Bachelor,Life Sciences,Single,948,948,948,948
RDO0949,No,30,Female,4,Master,Medical,Married,949,949,949,949
RDO0950,No,39,Male,2,College,Life Sciences,Single,950,950,950,950
RDO0951,No,31,Female,4,Master,Life Sciences,Divorced,951,951,951,951
RDO0952,No,41,Male,2,College,Medical,Single,952,952,952,952
RDO0953,Yes,31,Female,3,Bachelor,Life Sciences,Single,953,953,953,953
RDO0954,Yes,44,Male,3,Bachelor,Life Sciences,Married,954,954,954,954
RDO0955,No,42,Male,1,Below College,Life Sciences,Married,955,955,955,955
RDO0956,No,55,Female,2,College,Medical,Married,956,956,956,956
RDO0957,No,56,Male,4,Master,Life Sciences,Single,957,957,957,957
RDO0958,No,40,Male,2,College,Life Sciences,Divorced,958,958,958,958
RDO0959,No,34,Male,3,Bachelor,Life Sciences,Divorced,959,959,959,959
RDO0960,No,40,Male,3,Bachelor,Life Sciences,Single,960,960,960,960
RDO0961,No,41,Female,3,Bachelor,Marketing,Divorced,961,961,961,961
RDO0962,No,35,Male,4,Master,Life Sciences,Single,962,962,962,962
RDO0963,No,51,Male,3,Bachelor,Life Sciences,Divorced,963,963,963,963
RDO0964,No,38,Female,2,College,Life Sciences,Divorced,964,964,964,964
RDO0965,No,34,Female,2,College,Medical,Single,965,965,965,965
RDO0966,No,25,Male,1,Below College,Medical,Married,966,966,966,966
RDO0967,Yes,58,Female,4,Master,Medical,Married,967,967,967,967
RDO0968,No,40,Male,4,Master,Life Sciences,Married,968,968,968,968
RDO0969,No,36,Female,3,Bachelor,Marketing,Married,969,969,969,969
RDO0970,No,48,Male,3,Bachelor,Life Sciences,Single,970,970,970,970
RDO0971,No,27,Female,3,Bachelor,Medical,Married,971,971,971,971
RDO0972,No,51,Female,2,College,Technical Degree,Single,972,972,972,972
RDO0973,No,18,Female,3,Bachelor,Life Sciences,Single,973,973,973,973
RDO0974,No,35,Female,3,Bachelor,Medical,Married,974,974,974,974
RDO0975,No,27,Male,1,Below College,Life Sciences,Single,975,975,975,975
RDO0976,Yes,55,Male,4,Master,Marketing,Single,976,976,976,976
RDO0977,No,56,Male,3,Bachelor,Life Sciences,Married,977,977,977,977
RDO0978,No,34,Female,1,Below College,Technical Degree,Divorced,978,978,978,978
RDO0979,No,40,Female,1,Below College,Medical,Divorced,979,979,979,979
RDO0980,No,34,Male,3,Bachelor,Medical,Married,980,980,980,980
RDO0981,Yes,31,Female,3,Bachelor,Life Sciences,Single,981,981,981,981
RDO0982,Yes,35,Female,4,Master,Marketing,Married,982,982,982,982
RDO0983,No,38,Male,3,Bachelor,Life Sciences,Divorced,983,983,983,983
RDO0984,No,34,Female,4,Master,Technical Degree,Single,984,984,984,984
RDO0985,No,28,Male,3,Bachelor,Life Sciences,Married,985,985,985,985
RDO0986,Yes,31,Male,4,Master,Medical,Married,986,986,986,986
RDO0987,No,39,Male,4,Master,Life Sciences,Married,987,987,987,987
RDO0988,No,51,Male,3,Bachelor,Marketing,Married,988,988,988,988
RDO0989,No,41,Female,3,Bachelor,Life Sciences,Divorced,989,989,989,989
RDO0990,No,37,Male,1,Below College,Life Sciences,Married,990,990,990,990
RDO0991,No,33,Male,1,Below College,Life Sciences,Married,991,991,991,991
RDO0992,No,32,Male,1,Below College,Marketing,Married,992,992,992,992
RDO0993,No,39,Male,2,College,Life Sciences,Married,993,993,993,993
RDO0994,No,25,Male,1,Below College,Life Sciences,Married,994,994,994,994
RDO0995,No,52,Female,2,College,Medical,Married,995,995,995,995
RDO0996,No,43,Female,3,Bachelor,Medical,Single,996,996,996,996
RDO0997,No,27,Female,3,Bachelor,Marketing,Married,997,997,997,997
RDO0998,Yes,27,Female,4,Master,Life Sciences,Single,998,998,998,998
RDO0999,No,26,Male,1,Below College,Medical,Single,999,999,999,999
RDO1000,No,42,Female,3,Bachelor,Human Resources,Married,1000,1000,1000,1000
RDO1001,No,52,Female,4,Master,Other,Married,1001,1001,1001,1001
RDO1002,No,37,Female,3,Bachelor,Medical,Single,1002,1002,1002,1002
RDO1003,No,35,Male,2,College,Life Sciences,Single,1003,1003,1003,1003
RDO1004,No,25,Male,3,Bachelor,Technical Degree,Married,1004,1004,1004,1004
RDO1005,No,26,Male,3,Bachelor,Other,Single,1005,1005,1005,1005
RDO1006,No,29,Male,3,Bachelor,Other,Single,1006,1006,1006,1006
RDO1007,Yes,49,Male,2,College,Life Sciences,Single,1007,1007,1007,1007
RDO1008,Yes,29,Female,1,Below College,Other,Single,1008,1008,1008,1008
RDO1009,No,54,Female,3,Bachelor,Medical,Single,1009,1009,1009,1009
RDO1010,No,58,Female,3,Bachelor,Medical,Married,1010,1010,1010,1010
RDO1011,No,55,Male,4,Master,Medical,Divorced,1011,1011,1011,1011
RDO1012,No,36,Female,4,Master,Marketing,Single,1012,1012,1012,1012
RDO1013,Yes,31,Female,4,Master,Life Sciences,Single,1013,1013,1013,1013
RDO1014,No,30,Female,4,Master,Marketing,Divorced,1014,1014,1014,1014
RDO1015,No,31,Female,5,Doctor,Life Sciences,Single,1015,1015,1015,1015
RDO1016,No,34,Male,4,Master,Other,Divorced,1016,1016,1016,1016
RDO1017,Yes,31,Female,3,Bachelor,Life Sciences,Single,1017,1017,1017,1017
RDO1018,No,27,Male,1,Below College,Life Sciences,Married,1018,1018,1018,1018
RDO1019,No,36,Male,4,Master,Life Sciences,Single,1019,1019,1019,1019
RDO1020,No,36,Female,4,Master,Marketing,Married,1020,1020,1020,1020
RDO1021,No,47,Male,3,Bachelor,Technical Degree,Married,1021,1021,1021,1021
RDO1022,Yes,25,Male,2,College,Life Sciences,Married,1022,1022,1022,1022
RDO1023,No,37,Male,2,College,Technical Degree,Single,1023,1023,1023,1023
RDO1024,No,56,Female,2,College,Life Sciences,Married,1024,1024,1024,1024
RDO1025,No,47,Female,4,Master,Medical,Married,1025,1025,1025,1025
RDO1026,No,24,Female,1,Below College,Medical,Married,1026,1026,1026,1026
RDO1027,No,32,Male,5,Doctor,Marketing,Married,1027,1027,1027,1027
RDO1028,No,34,Female,3,Bachelor,Life Sciences,Married,1028,1028,1028,1028
RDO1029,No,41,Male,5,Doctor,Medical,Married,1029,1029,1029,1029
RDO1030,No,40,Male,4,Master,Other,Divorced,1030,1030,1030,1030
RDO1031,No,31,Male,2,College,Life Sciences,Divorced,1031,1031,1031,1031
RDO1032,Yes,46,Male,3,Bachelor,Marketing,Divorced,1032,1032,1032,1032
RDO1033,Yes,39,Female,3,Bachelor,Life Sciences,Single,1033,1033,1033,1033
RDO1034,Yes,31,Female,5,Doctor,Life Sciences,Single,1034,1034,1034,1034
RDO1035,No,45,Male,3,Bachelor,Medical,Divorced,1035,1035,1035,1035
RDO1036,No,31,Female,2,College,Medical,Single,1036,1036,1036,1036
RDO1037,Yes,31,Male,3,Bachelor,Life Sciences,Married,1037,1037,1037,1037
RDO1038,No,45,Male,3,Bachelor,Technical Degree,Married,1038,1038,1038,1038
RDO1039,No,48,Male,3,Bachelor,Marketing,Divorced,1039,1039,1039,1039
RDO1040,Yes,34,Female,4,Master,Technical Degree,Married,1040,1040,1040,1040
RDO1041,No,40,Male,1,Below College,Medical,Divorced,1041,1041,1041,1041
RDO1042,No,28,Male,3,Bachelor,Medical,Single,1042,1042,1042,1042
RDO1043,No,44,Male,3,Bachelor,Life Sciences,Single,1043,1043,1043,1043
RDO1044,No,53,Male,3,Bachelor,Medical,Single,1044,1044,1044,1044
RDO1045,No,49,Male,4,Master,Technical Degree,Married,1045,1045,1045,1045
RDO1046,No,40,Male,3,Bachelor,Medical,Divorced,1046,1046,1046,1046
RDO1047,No,44,Male,3,Bachelor,Life Sciences,Single,1047,1047,1047,1047
RDO1048,No,33,Male,3,Bachelor,Medical,Married,1048,1048,1048,1048
RDO1049,No,34,Male,3,Bachelor,Other,Single,1049,1049,1049,1049
RDO1050,No,30,Male,1,Below College,Life Sciences,Married,1050,1050,1050,1050
RDO1051,No,42,Female,2,College,Medical,Single,1051,1051,1051,1051
RDO1052,No,44,Female,5,Doctor,Marketing,Married,1052,1052,1052,1052
RDO1053,No,30,Male,3,Bachelor,Technical Degree,Divorced,1053,1053,1053,1053
RDO1054,No,57,Male,2,College,Life Sciences,Married,1054,1054,1054,1054
RDO1055,No,49,Male,4,Master,Life Sciences,Divorced,1055,1055,1055,1055
RDO1056,No,34,Male,3,Bachelor,Medical,Divorced,1056,1056,1056,1056
RDO1057,Yes,28,Male,3,Bachelor,Technical Degree,Married,1057,1057,1057,1057
RDO1058,Yes,29,Female,3,Bachelor,Technical Degree,Single,1058,1058,1058,1058
RDO1059,Yes,34,Female,4,Master,Medical,Single,1059,1059,1059,1059
RDO1060,No,35,Male,1,Below College,Life Sciences,Married,1060,1060,1060,1060
RDO1061,Yes,24,Male,3,Bachelor,Medical,Single,1061,1061,1061,1061
RDO1062,No,24,Female,2,College,Life Sciences,Married,1062,1062,1062,1062
RDO1063,No,44,Male,1,Below College,Medical,Single,1063,1063,1063,1063
RDO1064,No,29,Male,3,Bachelor,Life Sciences,Divorced,1064,1064,1064,1064
RDO1065,No,30,Male,3,Bachelor,Life Sciences,Divorced,1065,1065,1065,1065
RDO1066,No,55,Male,4,Master,Life Sciences,Married,1066,1066,1066,1066
RDO1067,No,33,Female,4,Master,Medical,Married,1067,1067,1067,1067
RDO1068,No,47,Female,3,Bachelor,Medical,Married,1068,1068,1068,1068
RDO1069,Yes,28,Male,2,College,Medical,Single,1069,1069,1069,1069
RDO1070,No,28,Male,3,Bachelor,Life Sciences,Divorced,1070,1070,1070,1070
RDO1071,No,28,Male,3,Bachelor,Life Sciences,Single,1071,1071,1071,1071
RDO1072,No,49,Female,2,College,Medical,Married,1072,1072,1072,1072
RDO1073,No,29,Female,1,Below College,Life Sciences,Married,1073,1073,1073,1073
RDO1074,No,28,Male,1,Below College,Life Sciences,Married,1074,1074,1074,1074
RDO1075,No,33,Male,5,Doctor,Life Sciences,Single,1075,1075,1075,1075
RDO1076,No,32,Male,3,Bachelor,Medical,Single,1076,1076,1076,1076
RDO1077,No,54,Female,4,Master,Medical,Divorced,1077,1077,1077,1077
RDO1078,Yes,29,Male,4,Master,Technical Degree,Single,1078,1078,1078,1078
RDO1079,No,44,Male,3,Bachelor,Life Sciences,Married,1079,1079,1079,1079
RDO1080,No,39,Female,3,Bachelor,Life Sciences,Single,1080,1080,1080,1080
RDO1081,No,46,Female,3,Bachelor,Life Sciences,Married,1081,1081,1081,1081
RDO1082,No,35,Female,3,Bachelor,Life Sciences,Single,1082,1082,1082,1082
RDO1083,No,23,Male,1,Below College,Life Sciences,Single,1083,1083,1083,1083
RDO1084,Yes,40,Male,4,Master,Life Sciences,Single,1084,1084,1084,1084
RDO1085,No,34,Male,3,Bachelor,Technical Degree,Married,1085,1085,1085,1085
RDO1086,Yes,31,Female,3,Bachelor,Life Sciences,Single,1086,1086,1086,1086
RDO1087,No,50,Male,5,Doctor,Medical,Single,1087,1087,1087,1087
RDO1088,No,34,Male,2,College,Technical Degree,Married,1088,1088,1088,1088
RDO1089,No,42,Male,3,Bachelor,Medical,Married,1089,1089,1089,1089
RDO1090,No,37,Male,3,Bachelor,Medical,Married,1090,1090,1090,1090
RDO1091,No,29,Female,1,Below College,Other,Married,1091,1091,1091,1091
RDO1092,No,33,Male,3,Bachelor,Life Sciences,Single,1092,1092,1092,1092
RDO1093,No,45,Male,3,Bachelor,Technical Degree,Married,1093,1093,1093,1093
RDO1094,No,42,Male,3,Bachelor,Life Sciences,Married,1094,1094,1094,1094
RDO1095,No,40,Male,2,College,Medical,Married,1095,1095,1095,1095
RDO1096,No,33,Male,4,Master,Life Sciences,Married,1096,1096,1096,1096
RDO1097,No,40,Male,2,College,Medical,Single,1097,1097,1097,1097
RDO1098,No,24,Male,2,College,Technical Degree,Divorced,1098,1098,1098,1098
RDO1099,No,40,Male,2,College,Life Sciences,Divorced,1099,1099,1099,1099
RDO1100,No,45,Male,4,Master,Technical Degree,Divorced,1100,1100,1100,1100
RDO1101,No,35,Female,4,Master,Life Sciences,Married,1101,1101,1101,1101
RDO1102,No,32,Female,2,College,Life Sciences,Married,1102,1102,1102,1102
RDO1103,No,36,Male,4,Master,Life Sciences,Single,1103,1103,1103,1103
RDO1104,No,48,Female,4,Master,Life Sciences,Divorced,1104,1104,1104,1104
RDO1105,No,29,Male,3,Bachelor,Life Sciences,Married,1105,1105,1105,1105
RDO1106,No,33,Male,4,Master,Life Sciences,Married,1106,1106,1106,1106
RDO1107,Yes,30,Male,3,Bachelor,Life Sciences,Married,1107,1107,1107,1107
RDO1108,No,38,Male,4,Master,Human Resources,Married,1108,1108,1108,1108
RDO1109,No,35,Male,3,Bachelor,Medical,Single,1109,1109,1109,1109
RDO1110,No,30,Male,4,Master,Technical Degree,Married,1110,1110,1110,1110
RDO1111,Yes,35,Female,3,Bachelor,Life Sciences,Divorced,1111,1111,1111,1111
RDO1112,Yes,53,Female,5,Doctor,Technical Degree,Married,1112,1112,1112,1112
RDO1113,Yes,38,Male,3,Bachelor,Medical,Married,1113,1113,1113,1113
RDO1114,No,32,Male,4,Master,Technical Degree,Married,1114,1114,1114,1114
RDO1115,No,48,Female,4,Master,Other,Married,1115,1115,1115,1115
RDO1116,No,34,Male,4,Master,Medical,Single,1116,1116,1116,1116
RDO1117,No,55,Male,5,Doctor,Marketing,Married,1117,1117,1117,1117
RDO1118,No,34,Male,4,Master,Life Sciences,Married,1118,1118,1118,1118
RDO1119,No,26,Female,3,Bachelor,Life Sciences,Married,1119,1119,1119,1119
RDO1120,No,38,Male,3,Bachelor,Life Sciences,Married,1120,1120,1120,1120
RDO1121,No,38,Female,3,Bachelor,Life Sciences,Single,1121,1121,1121,1121
RDO1122,No,36,Female,4,Master,Life Sciences,Single,1122,1122,1122,1122
RDO1123,No,29,Male,1,Below College,Medical,Single,1123,1123,1123,1123
RDO1124,No,35,Female,4,Master,Medical,Single,1124,1124,1124,1124
RDO1125,No,39,Male,3,Bachelor,Medical,Married,1125,1125,1125,1125
RDO1126,No,29,Male,1,Below College,Life Sciences,Divorced,1126,1126,1126,1126
RDO1127,No,50,Male,3,Bachelor,Marketing,Married,1127,1127,1127,1127
RDO1128,No,23,Male,3,Bachelor,Technical Degree,Married,1128,1128,1128,1128
RDO1129,No,36,Male,4,Master,Life Sciences,Married,1129,1129,1129,1129
RDO1130,No,42,Male,2,College,Other,Single,1130,1130,1130,1130
RDO1131,No,35,Male,3,Bachelor,Life Sciences,Married,1131,1131,1131,1131
RDO1132,No,34,Male,4,Master,Technical Degree,Married,1132,1132,1132,1132
RDO1133,No,40,Female,2,College,Life Sciences,Married,1133,1133,1133,1133
RDO1134,No,43,Male,3,Bachelor,Technical Degree,Divorced,1134,1134,1134,1134
RDO1135,No,35,Male,2,College,Life Sciences,Married,1135,1135,1135,1135
RDO1136,No,46,Male,4,Master,Life Sciences,Single,1136,1136,1136,1136
RDO1137,Yes,28,Male,3,Bachelor,Medical,Married,1137,1137,1137,1137
RDO1138,No,22,Female,2,College,Other,Married,1138,1138,1138,1138
RDO1139,No,50,Male,5,Doctor,Medical,Married,1139,1139,1139,1139
RDO1140,No,32,Female,4,Master,Other,Married,1140,1140,1140,1140
RDO1141,No,44,Female,3,Bachelor,Medical,Divorced,1141,1141,1141,1141
RDO1142,No,30,Male,3,Bachelor,Medical,Married,1142,1142,1142,1142
RDO1143,No,45,Female,5,Doctor,Medical,Single,1143,1143,1143,1143
RDO1144,No,45,Male,3,Bachelor,Marketing,Married,1144,1144,1144,1144
RDO1145,No,31,Male,4,Master,Other,Single,1145,1145,1145,1145
RDO1146,No,36,Female,4,Master,Life Sciences,Married,1146,1146,1146,1146
RDO1147,No,34,Male,4,Master,Life Sciences,Divorced,1147,1147,1147,1147
RDO1148,No,49,Female,4,Master,Life Sciences,Married,1148,1148,1148,1148
RDO1149,No,39,Male,5,Doctor,Medical,Married,1149,1149,1149,1149
RDO1150,No,27,Male,3,Bachelor,Other,Divorced,1150,1150,1150,1150
RDO1151,No,35,Male,5,Doctor,Life Sciences,Married,1151,1151,1151,1151
RDO1152,No,28,Female,3,Bachelor,Medical,Divorced,1152,1152,1152,1152
RDO1153,No,21,Male,1,Below College,Medical,Single,1153,1153,1153,1153
RDO1154,Yes,18,Female,2,College,Medical,Single,1154,1154,1154,1154
RDO1155,No,47,Female,4,Master,Life Sciences,Married,1155,1155,1155,1155
RDO1156,No,39,Male,2,College,Medical,Divorced,1156,1156,1156,1156
RDO1157,No,40,Female,3,Bachelor,Life Sciences,Married,1157,1157,1157,1157
RDO1158,No,35,Female,4,Master,Life Sciences,Married,1158,1158,1158,1158
RDO1159,No,37,Male,3,Bachelor,Life Sciences,Married,1159,1159,1159,1159
RDO1160,No,39,Female,3,Bachelor,Medical,Single,1160,1160,1160,1160
RDO1161,No,45,Female,2,College,Other,Divorced,1161,1161,1161,1161
RDO1162,No,38,Female,2,College,Medical,Married,1162,1162,1162,1162
RDO1163,Yes,35,Male,3,Bachelor,Medical,Married,1163,1163,1163,1163
RDO1164,No,37,Female,3,Bachelor,Medical,Married,1164,1164,1164,1164
RDO1165,No,40,Female,3,Bachelor,Life Sciences,Single,1165,1165,1165,1165
RDO1166,No,44,Male,5,Doctor,Human Resources,Married,1166,1166,1166,1166
RDO1167,No,48,Male,5,Doctor,Medical,Married,1167,1167,1167,1167
RDO1168,Yes,35,Male,2,College,Medical,Divorced,1168,1168,1168,1168
RDO1169,No,24,Female,1,Below College,Technical Degree,Single,1169,1169,1169,1169
RDO1170,No,27,Female,3,Bachelor,Medical,Married,1170,1170,1170,1170
RDO1171,No,27,Male,3,Bachelor,Medical,Single,1171,1171,1171,1171
RDO1172,Yes,40,Male,3,Bachelor,Life Sciences,Single,1172,1172,1172,1172
RDO1173,No,29,Male,3,Bachelor,Medical,Single,1173,1173,1173,1173
RDO1174,No,36,Female,4,Master,Life Sciences,Married,1174,1174,1174,1174
RDO1175,No,25,Male,1,Below College,Life Sciences,Divorced,1175,1175,1175,1175
RDO1176,No,39,Male,3,Bachelor,Medical,Married,1176,1176,1176,1176
RDO1177,No,49,Female,4,Master,Other,Married,1177,1177,1177,1177
RDO1178,No,50,Female,5,Doctor,Life Sciences,Divorced,1178,1178,1178,1178
RDO1179,No,20,Female,3,Bachelor,Medical,Single,1179,1179,1179,1179
RDO1180,No,34,Female,3,Bachelor,Life Sciences,Divorced,1180,1180,1180,1180
RDO1181,No,36,Male,3,Bachelor,Life Sciences,Single,1181,1181,1181,1181
RDO1182,No,49,Female,1,Below College,Life Sciences,Married,1182,1182,1182,1182
RDO1183,No,36,Female,4,Master,Medical,Married,1183,1183,1183,1183
RDO1184,No,36,Male,2,College,Life Sciences,Divorced,1184,1184,1184,1184
RDO1185,No,54,Female,5,Doctor,Medical,Married,1185,1185,1185,1185
RDO1186,No,43,Male,2,College,Life Sciences,Married,1186,1186,1186,1186
RDO1187,Yes,35,Male,4,Master,Other,Single,1187,1187,1187,1187
RDO1188,No,38,Male,3,Bachelor,Life Sciences,Married,1188,1188,1188,1188
RDO1189,No,29,Male,3,Bachelor,Medical,Divorced,1189,1189,1189,1189
RDO1190,No,33,Male,4,Master,Medical,Divorced,1190,1190,1190,1190
RDO1191,No,32,Male,3,Bachelor,Medical,Divorced,1191,1191,1191,1191
RDO1192,No,31,Female,4,Master,Life Sciences,Married,1192,1192,1192,1192
RDO1193,No,49,Female,3,Bachelor,Medical,Divorced,1193,1193,1193,1193
RDO1194,No,38,Female,3,Bachelor,Medical,Single,1194,1194,1194,1194
RDO1195,No,47,Female,4,Master,Life Sciences,Divorced,1195,1195,1195,1195
RDO1196,No,49,Male,3,Bachelor,Life Sciences,Single,1196,1196,1196,1196
RDO1197,No,41,Male,2,College,Life Sciences,Single,1197,1197,1197,1197
RDO1198,No,20,Male,1,Below College,Life Sciences,Single,1198,1198,1198,1198
RDO1199,No,33,Female,3,Bachelor,Life Sciences,Divorced,1199,1199,1199,1199
RDO1200,No,36,Male,4,Master,Life Sciences,Married,1200,1200,1200,1200
RDO1201,No,44,Female,3,Bachelor,Life Sciences,Divorced,1201,1201,1201,1201
RDO1202,Yes,23,Male,1,Below College,Medical,Single,1202,1202,1202,1202
RDO1203,No,38,Female,2,College,Medical,Married,1203,1203,1203,1203
RDO1204,No,53,Male,4,Master,Medical,Married,1204,1204,1204,1204
RDO1205,Yes,48,Female,2,College,Medical,Married,1205,1205,1205,1205
RDO1206,Yes,32,Male,4,Master,Life Sciences,Single,1206,1206,1206,1206
RDO1207,No,26,Male,3,Bachelor,Medical,Single,1207,1207,1207,1207
RDO1208,No,55,Male,3,Bachelor,Technical Degree,Divorced,1208,1208,1208,1208
RDO1209,No,34,Male,2,College,Medical,Married,1209,1209,1209,1209
RDO1210,No,60,Male,4,Master,Medical,Divorced,1210,1210,1210,1210
RDO1211,No,33,Male,3,Bachelor,Medical,Married,1211,1211,1211,1211
RDO1212,No,37,Male,4,Master,Medical,Divorced,1212,1212,1212,1212
RDO1213,No,34,Female,3,Bachelor,Life Sciences,Married,1213,1213,1213,1213
RDO1214,Yes,23,Male,3,Bachelor,Life Sciences,Divorced,1214,1214,1214,1214
RDO1215,No,44,Female,3,Bachelor,Life Sciences,Married,1215,1215,1215,1215
RDO1216,No,35,Male,4,Master,Medical,Single,1216,1216,1216,1216
RDO1217,No,43,Male,3,Bachelor,Medical,Married,1217,1217,1217,1217
RDO1218,No,24,Male,3,Bachelor,Medical,Married,1218,1218,1218,1218
RDO1219,No,41,Male,3,Bachelor,Marketing,Single,1219,1219,1219,1219
RDO1220,No,29,Female,4,Master,Medical,Married,1220,1220,1220,1220
RDO1221,No,36,Female,4,Master,Life Sciences,Single,1221,1221,1221,1221
RDO1222,No,45,Male,1,Below College,Life Sciences,Married,1222,1222,1222,1222
RDO1223,Yes,24,Male,1,Below College,Human Resources,Married,1223,1223,1223,1223
RDO1224,Yes,47,Male,3,Bachelor,Life Sciences,Married,1224,1224,1224,1224
RDO1225,No,26,Male,4,Master,Medical,Married,1225,1225,1225,1225
RDO1226,No,45,Female,2,College,Technical Degree,Single,1226,1226,1226,1226
RDO1227,No,32,Male,3,Bachelor,Life Sciences,Married,1227,1227,1227,1227
RDO1228,No,31,Male,4,Master,Life Sciences,Married,1228,1228,1228,1228
RDO1229,No,41,Male,3,Bachelor,Human Resources,Married,1229,1229,1229,1229
RDO1230,No,40,Female,2,College,Life Sciences,Married,1230,1230,1230,1230
RDO1231,No,24,Male,1,Below College,Medical,Divorced,1231,1231,1231,1231
RDO1232,No,46,Male,4,Master,Life Sciences,Single,1232,1232,1232,1232
RDO1233,No,35,Male,4,Master,Life Sciences,Married,1233,1233,1233,1233
RDO1234,No,30,Male,1,Below College,Life Sciences,Married,1234,1234,1234,1234
RDO1235,No,47,Male,4,Master,Marketing,Married,1235,1235,1235,1235
RDO1236,No,46,Male,3,Bachelor,Life Sciences,Divorced,1236,1236,1236,1236
RDO1237,Yes,36,Male,5,Doctor,Marketing,Divorced,1237,1237,1237,1237
RDO1238,Yes,32,Male,2,College,Life Sciences,Single,1238,1238,1238,1238
RDO1239,No,23,Female,1,Below College,Medical,Single,1239,1239,1239,1239
RDO1240,No,31,Female,1,Below College,Technical Degree,Single,1240,1240,1240,1240
RDO1241,No,39,Male,3,Bachelor,Life Sciences,Married,1241,1241,1241,1241
RDO1242,No,32,Male,3,Bachelor,Life Sciences,Married,1242,1242,1242,1242
RDO1243,No,40,Male,4,Master,Medical,Single,1243,1243,1243,1243
RDO1244,No,45,Female,3,Bachelor,Life Sciences,Married,1244,1244,1244,1244
RDO1245,No,30,Female,4,Master,Technical Degree,Single,1245,1245,1245,1245
RDO1246,No,24,Male,3,Bachelor,Medical,Married,1246,1246,1246,1246
RDO1247,Yes,30,Female,3,Bachelor,Human Resources,Divorced,1247,1247,1247,1247
RDO1248,No,31,Male,3,Bachelor,Technical Degree,Married,1248,1248,1248,1248
RDO1249,No,27,Female,3,Bachelor,Medical,Single,1249,1249,1249,1249
RDO1250,Yes,29,Female,3,Bachelor,Marketing,Single,1250,1250,1250,1250
RDO1251,No,29,Male,3,Bachelor,Life Sciences,Single,1251,1251,1251,1251
RDO1252,No,30,Male,2,College,Marketing,Divorced,1252,1252,1252,1252
RDO1253,No,34,Male,4,Master,Medical,Married,1253,1253,1253,1253
RDO1254,No,33,Female,3,Bachelor,Marketing,Single,1254,1254,1254,1254
RDO1255,No,49,Female,4,Master,Marketing,Single,1255,1255,1255,1255
RDO1256,Yes,33,Female,3,Bachelor,Life Sciences,Single,1256,1256,1256,1256
RDO1257,No,38,Female,2,College,Medical,Married,1257,1257,1257,1257
RDO1258,Yes,31,Male,4,Master,Marketing,Married,1258,1258,1258,1258
RDO1259,No,29,Female,3,Bachelor,Technical Degree,Divorced,1259,1259,1259,1259
RDO1260,No,30,Male,3,Bachelor,Life Sciences,Married,1260,1260,1260,1260
RDO1261,No,32,Male,4,Master,Technical Degree,Single,1261,1261,1261,1261
RDO1262,No,38,Male,3,Bachelor,Medical,Married,1262,1262,1262,1262
RDO1263,Yes,43,Male,3,Bachelor,Technical Degree,Married,1263,1263,1263,1263
RDO1264,No,42,Male,3,Bachelor,Medical,Divorced,1264,1264,1264,1264
RDO1265,No,55,Male,3,Bachelor,Medical,Married,1265,1265,1265,1265
RDO1266,No,33,Male,3,Bachelor,Technical Degree,Divorced,1266,1266,1266,1266
RDO1267,No,41,Male,4,Master,Life Sciences,Divorced,1267,1267,1267,1267
RDO1268,No,34,Male,3,Bachelor,Life Sciences,Divorced,1268,1268,1268,1268
RDO1269,No,53,Female,4,Master,Medical,Married,1269,1269,1269,1269
RDO1270,No,43,Male,3,Bachelor,Life Sciences,Single,1270,1270,1270,1270
RDO1271,No,34,Female,2,College,Life Sciences,Single,1271,1271,1271,1271
RDO1272,Yes,21,Male,1,Below College,Marketing,Single,1272,1272,1272,1272
RDO1273,No,38,Female,2,College,Other,Married,1273,1273,1273,1273
RDO1274,Yes,22,Female,1,Below College,Medical,Married,1274,1274,1274,1274
RDO1275,No,31,Female,4,Master,Marketing,Married,1275,1275,1275,1275
RDO1276,No,51,Female,3,Bachelor,Technical Degree,Married,1276,1276,1276,1276
RDO1277,No,37,Male,2,College,Marketing,Married,1277,1277,1277,1277
RDO1278,No,46,Male,4,Master,Medical,Divorced,1278,1278,1278,1278
RDO1279,No,36,Male,3,Bachelor,Life Sciences,Married,1279,1279,1279,1279
RDO1280,Yes,44,Male,2,College,Medical,Divorced,1280,1280,1280,1280
RDO1281,No,37,Male,2,College,Other,Divorced,1281,1281,1281,1281
RDO1282,Yes,35,Male,3,Bachelor,Life Sciences,Single,1282,1282,1282,1282
RDO1283,No,33,Male,4,Master,Life Sciences,Married,1283,1283,1283,1283
RDO1284,No,28,Male,3,Bachelor,Life Sciences,Married,1284,1284,1284,1284
RDO1285,No,39,Male,1,Below College,Medical,Single,1285,1285,1285,1285
RDO1286,No,46,Male,2,College,Life Sciences,Single,1286,1286,1286,1286
RDO1287,No,40,Female,2,College,Life Sciences,Married,1287,1287,1287,1287
RDO1288,No,42,Male,3,Bachelor,Medical,Married,1288,1288,1288,1288
RDO1289,No,35,Male,2,College,Medical,Divorced,1289,1289,1289,1289
RDO1290,No,38,Male,3,Bachelor,Human Resources,Divorced,1290,1290,1290,1290
RDO1291,Yes,34,Male,4,Master,Life Sciences,Married,1291,1291,1291,1291
RDO1292,Yes,37,Male,4,Master,Medical,Single,1292,1292,1292,1292
RDO1293,No,39,Male,3,Bachelor,Life Sciences,Divorced,1293,1293,1293,1293
RDO1294,No,43,Male,3,Bachelor,Life Sciences,Single,1294,1294,1294,1294
RDO1295,No,41,Male,3,Bachelor,Life Sciences,Single,1295,1295,1295,1295
RDO1296,No,41,Female,1,Below College,Marketing,Divorced,1296,1296,1296,1296
RDO1297,No,30,Female,3,Bachelor,Medical,Single,1297,1297,1297,1297
RDO1298,Yes,26,Female,2,College,Medical,Married,1298,1298,1298,1298
RDO1299,Yes,46,Female,2,College,Medical,Married,1299,1299,1299,1299
RDO1300,No,40,Female,3,Bachelor,Life Sciences,Divorced,1300,1300,1300,1300
RDO1301,No,34,Male,2,College,Technical Degree,Married,1301,1301,1301,1301
RDO1302,No,58,Male,3,Bachelor,Medical,Divorced,1302,1302,1302,1302
RDO1303,No,35,Male,4,Master,Medical,Married,1303,1303,1303,1303
RDO1304,No,47,Female,3,Bachelor,Life Sciences,Divorced,1304,1304,1304,1304
RDO1305,No,40,Female,3,Bachelor,Life Sciences,Divorced,1305,1305,1305,1305
RDO1306,No,54,Female,4,Master,Medical,Married,1306,1306,1306,1306
RDO1307,No,31,Female,4,Master,Marketing,Married,1307,1307,1307,1307
RDO1308,No,28,Female,3,Bachelor,Medical,Married,1308,1308,1308,1308
RDO1309,No,38,Female,4,Master,Marketing,Married,1309,1309,1309,1309
RDO1310,No,26,Male,3,Bachelor,Medical,Single,1310,1310,1310,1310
RDO1311,No,58,Male,4,Master,Life Sciences,Married,1311,1311,1311,1311
RDO1312,No,18,Female,3,Bachelor,Medical,Single,1312,1312,1312,1312
RDO1313,Yes,31,Male,5,Doctor,Human Resources,Married,1313,1313,1313,1313
RDO1314,Yes,29,Male,3,Bachelor,Human Resources,Divorced,1314,1314,1314,1314
RDO1315,No,45,Female,4,Master,Life Sciences,Married,1315,1315,1315,1315
RDO1316,No,36,Female,4,Master,Other,Married,1316,1316,1316,1316
RDO1317,No,43,Male,4,Master,Life Sciences,Married,1317,1317,1317,1317
RDO1318,No,27,Female,2,College,Life Sciences,Single,1318,1318,1318,1318
RDO1319,No,29,Male,1,Below College,Medical,Married,1319,1319,1319,1319
RDO1320,No,32,Male,4,Master,Marketing,Single,1320,1320,1320,1320
RDO1321,No,42,Male,4,Master,Technical Degree,Married,1321,1321,1321,1321
RDO1322,No,47,Female,4,Master,Life Sciences,Single,1322,1322,1322,1322
RDO1323,No,46,Male,2,College,Life Sciences,Divorced,1323,1323,1323,1323
RDO1324,No,28,Male,2,College,Life Sciences,Divorced,1324,1324,1324,1324
RDO1325,No,29,Male,1,Below College,Life Sciences,Divorced,1325,1325,1325,1325
RDO1326,No,42,Male,3,Bachelor,Life Sciences,Single,1326,1326,1326,1326
RDO1327,Yes,32,Male,4,Master,Marketing,Single,1327,1327,1327,1327
RDO1328,No,46,Female,3,Bachelor,Technical Degree,Divorced,1328,1328,1328,1328
RDO1329,No,27,Female,1,Below College,Medical,Married,1329,1329,1329,1329
RDO1330,No,29,Male,1,Below College,Medical,Married,1330,1330,1330,1330
RDO1331,No,43,Female,3,Bachelor,Medical,Married,1331,1331,1331,1331
RDO1332,No,48,Male,3,Bachelor,Life Sciences,Married,1332,1332,1332,1332
RDO1333,Yes,29,Male,2,College,Life Sciences,Single,1333,1333,1333,1333
RDO1334,Yes,46,Female,3,Bachelor,Life Sciences,Married,1334,1334,1334,1334
RDO1335,No,27,Female,3,Bachelor,Life Sciences,Married,1335,1335,1335,1335
RDO1336,No,39,Male,4,Master,Other,Divorced,1336,1336,1336,1336
RDO1337,No,55,Male,4,Master,Technical Degree,Married,1337,1337,1337,1337
RDO1338,No,28,Female,3,Bachelor,Medical,Married,1338,1338,1338,1338
RDO1339,Yes,30,Male,3,Bachelor,Medical,Single,1339,1339,1339,1339
RDO1340,Yes,22,Male,1,Below College,Life Sciences,Single,1340,1340,1340,1340
RDO1341,No,36,Female,4,Master,Technical Degree,Married,1341,1341,1341,1341
RDO1342,No,31,Male,3,Bachelor,Life Sciences,Divorced,1342,1342,1342,1342
RDO1343,No,34,Male,3,Bachelor,Life Sciences,Married,1343,1343,1343,1343
RDO1344,No,29,Male,3,Bachelor,Life Sciences,Single,1344,1344,1344,1344
RDO1345,No,37,Male,4,Master,Medical,Married,1345,1345,1345,1345
RDO1346,No,35,Female,2,College,Other,Married,1346,1346,1346,1346
RDO1347,No,45,Female,2,College,Life Sciences,Married,1347,1347,1347,1347
RDO1348,No,36,Male,1,Below College,Human Resources,Single,1348,1348,1348,1348
RDO1349,No,40,Male,4,Master,Life Sciences,Divorced,1349,1349,1349,1349
RDO1350,No,26,Female,2,College,Life Sciences,Married,1350,1350,1350,1350
RDO1351,No,27,Female,2,College,Medical,Single,1351,1351,1351,1351
RDO1352,No,48,Female,3,Bachelor,Medical,Divorced,1352,1352,1352,1352
RDO1353,No,44,Male,4,Master,Life Sciences,Married,1353,1353,1353,1353
RDO1354,Yes,34,Male,4,Master,Technical Degree,Married,1354,1354,1354,1354
RDO1355,Yes,56,Male,2,College,Life Sciences,Single,1355,1355,1355,1355
RDO1356,No,36,Male,2,College,Marketing,Married,1356,1356,1356,1356
RDO1357,No,41,Female,3,Bachelor,Marketing,Married,1357,1357,1357,1357
RDO1358,No,42,Male,3,Bachelor,Medical,Married,1358,1358,1358,1358
RDO1359,No,31,Female,2,College,Medical,Divorced,1359,1359,1359,1359
RDO1360,No,34,Female,1,Below College,Medical,Married,1360,1360,1360,1360
RDO1361,No,31,Female,3,Bachelor,Medical,Divorced,1361,1361,1361,1361
RDO1362,No,26,Male,3,Bachelor,Other,Married,1362,1362,1362,1362
RDO1363,No,45,Male,4,Master,Medical,Single,1363,1363,1363,1363
RDO1364,No,33,Male,4,Master,Marketing,Single,1364,1364,1364,1364
RDO1365,No,28,Male,2,College,Life Sciences,Married,1365,1365,1365,1365
RDO1366,Yes,29,Male,3,Bachelor,Technical Degree,Single,1366,1366,1366,1366
RDO1367,No,39,Female,4,Master,Life Sciences,Married,1367,1367,1367,1367
RDO1368,No,27,Male,4,Master,Technical Degree,Married,1368,1368,1368,1368
RDO1369,No,34,Male,4,Master,Other,Married,1369,1369,1369,1369
RDO1370,Yes,28,Female,2,College,Marketing,Single,1370,1370,1370,1370
RDO1371,No,47,Male,4,Master,Technical Degree,Married,1371,1371,1371,1371
RDO1372,No,56,Female,5,Doctor,Marketing,Married,1372,1372,1372,1372
RDO1373,No,39,Male,2,College,Medical,Married,1373,1373,1373,1373
RDO1374,No,38,Female,3,Bachelor,Medical,Divorced,1374,1374,1374,1374
RDO1375,No,58,Female,3,Bachelor,Life Sciences,Married,1375,1375,1375,1375
RDO1376,Yes,32,Female,2,College,Life Sciences,Single,1376,1376,1376,1376
RDO1377,No,38,Male,2,College,Life Sciences,Divorced,1377,1377,1377,1377
RDO1378,No,49,Male,1,Below College,Life Sciences,Married,1378,1378,1378,1378
RDO1379,No,42,Male,4,Master,Marketing,Divorced,1379,1379,1379,1379
RDO1380,Yes,27,Female,3,Bachelor,Human Resources,Married,1380,1380,1380,1380
RDO1381,No,35,Male,4,Master,Medical,Married,1381,1381,1381,1381
RDO1382,No,28,Male,3,Bachelor,Medical,Single,1382,1382,1382,1382
RDO1383,No,31,Male,2,College,Medical,Divorced,1383,1383,1383,1383
RDO1384,No,36,Male,4,Master,Life Sciences,Married,1384,1384,1384,1384
RDO1385,No,34,Male,3,Bachelor,Marketing,Single,1385,1385,1385,1385
RDO1386,No,34,Male,4,Master,Medical,Divorced,1386,1386,1386,1386
RDO1387,No,26,Male,3,Bachelor,Medical,Single,1387,1387,1387,1387
RDO1388,No,29,Male,3,Bachelor,Life Sciences,Married,1388,1388,1388,1388
RDO1389,No,32,Female,4,Master,Medical,Divorced,1389,1389,1389,1389
RDO1390,No,31,Male,3,Bachelor,Life Sciences,Married,1390,1390,1390,1390
RDO1391,Yes,28,Male,3,Bachelor,Technical Degree,Divorced,1391,1391,1391,1391
RDO1392,No,38,Male,3,Bachelor,Life Sciences,Single,1392,1392,1392,1392
RDO1393,No,35,Female,4,Master,Life Sciences,Married,1393,1393,1393,1393
RDO1394,No,27,Male,3,Bachelor,Marketing,Single,1394,1394,1394,1394
RDO1395,No,32,Male,4,Master,Life Sciences,Single,1395,1395,1395,1395
RDO1396,Yes,31,Male,4,Master,Marketing,Married,1396,1396,1396,1396
RDO1397,Yes,53,Male,4,Master,Life Sciences,Single,1397,1397,1397,1397
RDO1398,No,54,Female,2,College,Life Sciences,Married,1398,1398,1398,1398
RDO1399,No,33,Male,2,College,Life Sciences,Divorced,1399,1399,1399,1399
RDO1400,No,43,Male,3,Bachelor,Life Sciences,Married,1400,1400,1400,1400
RDO1401,No,38,Male,4,Master,Other,Married,1401,1401,1401,1401
RDO1402,No,55,Male,4,Master,Human Resources,Married,1402,1402,1402,1402
RDO1403,No,31,Female,1,Below College,Medical,Divorced,1403,1403,1403,1403
RDO1404,No,39,Male,4,Master,Marketing,Single,1404,1404,1404,1404
RDO1405,No,42,Male,2,College,Life Sciences,Single,1405,1405,1405,1405
RDO1406,No,31,Female,3,Bachelor,Medical,Married,1406,1406,1406,1406
RDO1407,No,54,Female,3,Bachelor,Medical,Single,1407,1407,1407,1407
RDO1408,No,24,Male,2,College,Life Sciences,Single,1408,1408,1408,1408
RDO1409,No,23,Male,2,College,Other,Single,1409,1409,1409,1409
RDO1410,No,40,Female,3,Bachelor,Technical Degree,Married,1410,1410,1410,1410
RDO1411,No,40,Female,2,College,Marketing,Married,1411,1411,1411,1411
RDO1412,No,25,Female,3,Bachelor,Human Resources,Married,1412,1412,1412,1412
RDO1413,No,30,Male,2,College,Medical,Married,1413,1413,1413,1413
RDO1414,No,25,Male,1,Below College,Other,Divorced,1414,1414,1414,1414
RDO1415,No,47,Male,3,Bachelor,Medical,Single,1415,1415,1415,1415
RDO1416,No,33,Male,2,College,Medical,Divorced,1416,1416,1416,1416
RDO1417,No,38,Male,4,Master,Life Sciences,Married,1417,1417,1417,1417
RDO1418,No,31,Male,2,College,Life Sciences,Married,1418,1418,1418,1418
RDO1419,No,38,Male,4,Master,Life Sciences,Married,1419,1419,1419,1419
RDO1420,No,42,Male,4,Master,Life Sciences,Divorced,1420,1420,1420,1420
RDO1421,No,41,Male,3,Bachelor,Life Sciences,Married,1421,1421,1421,1421
RDO1422,No,47,Female,1,Below College,Medical,Married,1422,1422,1422,1422
RDO1423,No,35,Male,4,Master,Medical,Married,1423,1423,1423,1423
RDO1424,No,22,Male,2,College,Life Sciences,Single,1424,1424,1424,1424
RDO1425,No,35,Male,4,Master,Medical,Single,1425,1425,1425,1425
RDO1426,No,33,Female,2,College,Medical,Married,1426,1426,1426,1426
RDO1427,No,32,Female,4,Master,Life Sciences,Single,1427,1427,1427,1427
RDO1428,No,40,Male,4,Master,Life Sciences,Married,1428,1428,1428,1428
RDO1429,No,32,Male,4,Master,Medical,Married,1429,1429,1429,1429
RDO1430,No,39,Male,1,Below College,Life Sciences,Single,1430,1430,1430,1430
RDO1431,No,38,Female,3,Bachelor,Medical,Married,1431,1431,1431,1431
RDO1432,No,32,Female,4,Master,Marketing,Married,1432,1432,1432,1432
RDO1433,No,37,Female,3,Bachelor,Life Sciences,Married,1433,1433,1433,1433
RDO1434,No,25,Female,2,College,Other,Divorced,1434,1434,1434,1434
RDO1435,No,52,Male,4,Master,Life Sciences,Divorced,1435,1435,1435,1435
RDO1436,No,44,Male,3,Bachelor,Medical,Single,1436,1436,1436,1436
RDO1437,No,21,Male,1,Below College,Medical,Single,1437,1437,1437,1437
RDO1438,No,39,Male,3,Bachelor,Life Sciences,Single,1438,1438,1438,1438
RDO1439,Yes,23,Male,3,Bachelor,Marketing,Married,1439,1439,1439,1439
RDO1440,No,36,Female,3,Bachelor,Medical,Married,1440,1440,1440,1440
RDO1441,No,36,Female,2,College,Life Sciences,Divorced,1441,1441,1441,1441
RDO1442,No,56,Male,4,Master,Life Sciences,Divorced,1442,1442,1442,1442
RDO1443,Yes,29,Male,4,Master,Medical,Married,1443,1443,1443,1443
RDO1444,No,42,Male,3,Bachelor,Life Sciences,Married,1444,1444,1444,1444
RDO1445,Yes,56,Male,2,College,Technical Degree,Married,1445,1445,1445,1445
RDO1446,No,41,Female,4,Master,Life Sciences,Married,1446,1446,1446,1446
RDO1447,No,34,Female,3,Bachelor,Marketing,Married,1447,1447,1447,1447
RDO1448,No,36,Male,4,Master,Marketing,Divorced,1448,1448,1448,1448
RDO1449,No,41,Male,3,Bachelor,Life Sciences,Divorced,1449,1449,1449,1449
RDO1450,No,32,Male,3,Bachelor,Technical Degree,Single,1450,1450,1450,1450
RDO1451,No,35,Female,4,Master,Life Sciences,Single,1451,1451,1451,1451
RDO1452,No,38,Female,2,College,Life Sciences,Married,1452,1452,1452,1452
RDO1453,Yes,50,Male,4,Master,Life Sciences,Divorced,1453,1453,1453,1453
RDO1454,No,36,Female,4,Master,Marketing,Married,1454,1454,1454,1454
RDO1455,No,45,Female,3,Bachelor,Life Sciences,Single,1455,1455,1455,1455
RDO1456,No,40,Male,4,Master,Life Sciences,Single,1456,1456,1456,1456
RDO1457,No,35,Male,4,Master,Life Sciences,Married,1457,1457,1457,1457
RDO1458,No,40,Female,4,Master,Medical,Married,1458,1458,1458,1458
RDO1459,No,35,Female,4,Master,Life Sciences,Married,1459,1459,1459,1459
RDO1460,No,29,Male,2,College,Other,Married,1460,1460,1460,1460
RDO1461,No,29,Female,4,Master,Medical,Single,1461,1461,1461,1461
RDO1462,Yes,50,Male,3,Bachelor,Marketing,Divorced,1462,1462,1462,1462
RDO1463,No,39,Female,1,Below College,Marketing,Married,1463,1463,1463,1463
RDO1464,No,31,Male,3,Bachelor,Medical,Single,1464,1464,1464,1464
RDO1465,No,26,Female,3,Bachelor,Other,Single,1465,1465,1465,1465
RDO1466,No,36,Male,2,College,Medical,Married,1466,1466,1466,1466
RDO1467,No,39,Male,1,Below College,Medical,Married,1467,1467,1467,1467
RDO1468,No,27,Male,3,Bachelor,Life Sciences,Married,1468,1468,1468,1468
RDO1469,No,49,Male,3,Bachelor,Medical,Married,1469,1469,1469,1469
RDO1470,No,34,Male,3,Bachelor,Medical,Married,1470,1470,1470,1470
